actor,community,degree
50 Cent,0,16
A Martinez,1,0
A.J. Cook,2,0
AJ Raval,3,1
Aamir Khan,4,3
Aaron Ashmore,101,1
Aaron Eckhart,6,17
Aaron Kwok,7,7
Aaron Paul,8,20
Abbey Lee,6,4
Abigail Cowen,9,0
Abigail Hawk,0,1
Abigail Spencer,8,1
Adam Ant,10,0
Adam Arkin,11,0
Adam Baldwin,12,0
Adam Beach,8,2
Adam Brody,13,26
Adam Copeland,0,8
Adam Godley,14,0
Adam Goldberg,8,2
Adam J. Harrington,15,0
Adam Rodriguez,7,4
Adam Scott,8,35
Adam Shapiro,17,0
Adam West,18,19
Adan Canto,19,0
Addison Timlin,20,0
Adeel Akhtar,61,10
Adelaide Kane,22,0
Adelayo Adedayo,23,0
Adewale Akinnuoye-Agbaje,6,3
Adolf Hitler,24,6
Adria Arjona,24,2
Adrian Holmes,0,7
Adrian Lukis,25,0
Adrian Martinez,24,7
Adrian Pasdar,26,0
Adrian Paul,27,0
Adrian Scarborough,61,2
Adriane Lenox,24,1
Adèle Exarchopoulos,28,10
Adèle Haenel,63,7
Afra Saraçoğlu,30,0
Agata Buzek,31,0
Agnes Moorehead,32,0
Agnieszka Grochowska,33,0
Ahn Bo-hyun,34,0
Ai Kayano,35,55
Ai Orikasa,35,4
Aidan Gillen,5,12
Aidan Quinn,0,3
Aidan Turner,61,13
Aimee Garcia,37,0
Aisha Hinds,18,3
Aishwarya Rai Bachchan,4,2
Aitana Sánchez-Gijón,63,1
Ajay Devgan,4,9
Aju Makita,38,0
Akari Kito,35,12
Akemi Okamura,35,25
Akeno Watanabe,35,43
Aki Toyosaki,35,34
Akio Otsuka,35,55
Akira Kurosawa,39,0
Akira Toriyama,40,0
Akshay Kumar,4,12
Al Sapienza,41,3
Alain Chabat,63,3
Alain Delon,63,4
Alaina Huffman,42,0
Alan Arkin,8,3
Alan Rickman,61,25
Alan Ritchson,8,4
Alan Ruck,24,4
Alan Tudyk,6,41
Alan Young,44,0
Alana de la Garza,45,0
Alanna Ubach,18,5
Alba Baptista,47,0
Alba Flores,48,0
Alban Lenoir,63,3
Albert Brooks,8,4
Albert Dupontel,63,8
Alberto Sordi,24,2
Albrecht Schuch,49,4
Aldis Hodge,7,9
Alejandro Jodorowsky,28,1
Aleks Paunovic,0,1
Alessandra Torresani,50,0
Alessandro Borghi,51,0
Alex Borstein,18,17
Alex Essoe,52,0
Alex Fong,7,6
Alex Garland,53,0
Alex Hyde-White,54,0
Alex Høgh Andersen,55,0
Alex Lawther,56,0
Alex MacNicoll,0,4
Alex Pettyfer,7,3
Alex Rocco,57,0
Alexa Davalos,58,0
Alexa Demie,59,0
Alexa Nikolas,60,0
Alexa PenaVega,0,4
Alexander Dreymon,61,1
Alexander Gould,18,1
Alexander Siddig,6,2
Alexander Skarsgård,8,5
Alexandra Breckenridge,75,4
Alexandra Daddario,206,6
Alexandra Holden,64,0
Alexandra Jiménez,63,1
Alexandra Maria Lara,49,5
Alexandra Roach,61,10
Alexandra Shipp,6,21
Alexandria DeBerry,0,2
Alexis Bledel,18,2
Alfie Allen,66,0
Alfre Woodard,28,3
Alfred Hitchcock,24,4
Alfred Molina,28,41
Ali Cobrin,24,1
Ali Larter,6,2
Ali Liebert,18,9
Alia Bhatt,4,3
Alia Shawkat,18,14
Alice Dufour,63,1
Alice Eve,7,2
Alice Ghostley,67,0
Alice Kremelberg,68,0
Alice Krige,28,1
Alicia Agneson,69,0
Alicia Borrachero,70,1
Alicia Coppola,71,0
Alicia Silverstone,24,3
Alicia Witt,0,3
Alina Boz,72,0
Alisha Boe,73,0
Alisha Weir,74,0
Alison Araya,75,3
Alison Brie,8,36
Alison Doody,61,1
Alistair Petrie,28,5
Allan Corduner,61,2
Allen Leech,61,6
Allison Tolman,76,0
Ally Sheedy,77,0
Ally Walker,78,0
Aloma Wright,79,0
Alona Tal,80,0
Alp Navruz,81,0
Alun Armstrong,82,0
Alycia Debnam-Carey,83,0
Alyson Hannigan,24,1
Alyssa Milano,18,4
Alyssa Sutherland,84,0
Alyvia Alyn Lind,85,1
Amanda Brugel,101,1
Amanda Crew,18,7
Amanda Foreman,18,1
Amanda Pays,86,0
Amanda Plummer,87,0
Amanda Root,61,1
Amanda Schull,88,0
Amanda Seyfried,6,20
Amanda Tapping,89,0
Amanda Walsh,90,0
Amandla Stenberg,41,12
Amara Zaragoza,92,0
Amaury Nolasco,0,4
Amber Heard,24,23
Amber Marshall,93,0
Amber Midthunder,6,1
Amelia Warner,94,0
America Ferrera,8,11
America Olivo,95,0
Ami Koshimizu,35,41
Aml Ameen,6,3
Amy Acker,96,0
Amy Adams,24,27
Amy Brenneman,97,0
Amy Farrington,98,0
Amy Gumenick,99,0
Amy Hill,18,1
Amy Jo Johnson,8,1
Amy Morton,100,0
Amy Ryan,61,8
Amy Schumer,8,17
Amy Sedaris,24,5
Amy Smart,0,2
Amy Yasbeck,102,0
Amybeth McNulty,103,0
Ana de Armas,61,14
Ana de la Reguera,49,7
Anaïs Demoustier,63,6
Anders Thomas Jensen,104,0
Andi Osho,105,0
Andie MacDowell,61,4
Andrea Eckert,106,0
Andrea Riseborough,61,13
Andreas Lust,49,2
Andrew Bachelor,8,6
Andrew Bryniarski,0,1
Andrew Divoff,0,1
Andrew Garfield,28,37
Andrew Leeds,8,1
Andrew Lincoln,28,10
Andrew McCarthy,107,0
Andrew Stevens,0,1
Andrew W. Walker,75,5
André 3000,108,0
André Dussollier,63,6
Andréa Ferréol,109,0
Andy Richter,18,29
Andy Serkis,61,27
Andy Warhol,18,1
Aneurin Barnard,61,8
Angela Bassett,28,23
Angela Kovács,110,0
Angela Lansbury,24,3
Angela Lindvall,41,1
AngelaBaby,7,5
Angeli Khang,3,2
Angelina Jolie,8,31
Angelina Peláez,111,1
Angie Dickinson,24,3
Angie Everhart,112,0
Angus Macfadyen,6,3
Angus Sampson,24,5
Anita Briem,113,0
Ann Cusack,114,0
Ann Dowd,43,4
Ann Magnuson,116,0
Ann-Margret,24,1
Anna Camp,8,11
Anna Chancellor,61,4
Anna Chlumsky,117,0
Anna Faris,24,10
Anna Friel,118,0
Anna Hutchison,6,3
Anna Karina,120,0
Anna Kendrick,8,55
Anna Maxwell Martin,61,4
Anna Sawai,121,0
Anna Torv,28,1
Anna Wilson-Jones,122,0
Anna-Maria Sieklucka,123,2
AnnaSophia Robb,41,1
Annabella Sciorra,124,0
Anne Archer,125,0
Anne Consigny,63,1
Anne Dudek,126,0
Anne Fletcher,127,0
Anne Hathaway,6,56
Anne Heche,206,8
Anne Parillaud,129,0
Anneliese van der Pol,130,0
Annette Badland,131,0
Annette Bening,24,16
Annette O'Toole,75,4
Annie Potts,8,11
Annie Wersching,61,1
Annika Kuhl,132,0
Anson Mount,13,1
Anthony Azizi,133,0
Anthony Carrigan,134,0
Anthony Edwards,0,4
Anthony Jennings,135,0
Anthony Lemke,63,2
Anthony Mackie,28,60
Anthony Michael Hall,24,4
Anthony Perkins,24,1
Anthony Quinn,136,0
Anthony Ramos,8,13
Anthony Ruivivar,137,0
Anthony Stewart Head,138,0
Anthony Wong,7,7
Antje Traue,24,5
Anton Lesser,61,1
Anton Yelchin,18,24
Antonio Banderas,8,37
Antonio de la Torre,139,6
Antony Starr,140,0
Anupam Kher,4,6
Anushka Shetty,4,2
Aoi Yuki,35,71
Aparna Nancherla,141,0
April Bowlby,142,0
Ara Mina,143,0
Archie Madekwe,144,0
Archie Panjabi,145,0
Ariana Grande,8,6
Ariana Greenblatt,5,2
Ariel Winter,18,30
Arielle Dombasle,146,0
Arielle Kebbel,75,3
Arliss Howard,147,0
Armand Assante,0,13
Armie Hammer,8,9
Armin Shimerman,18,7
Arnold Chon,148,0
Arnold Schwarzenegger,0,42
Arnold Vosloo,18,5
Arón Piper,149,0
Asa Butterfield,61,10
Asami,7,1
Asami Seto,35,49
Ash Brannon,151,0
Ashley Crow,152,0
Ashley Greene,101,22
Ashley Johnson,61,3
Ashley Laurence,154,0
Ashley Scott,155,0
Ashley Tisdale,18,10
Ashley Williams,75,6
Ashley Zukerman,13,4
Ashton Kutcher,24,13
Ashwini Kalsekar,4,4
Asia Argento,24,1
Asia Kate Dillon,156,0
Assaad Bouab,157,1
Astrid Bergès-Frisbey,6,2
Athena Karkanis,158,0
Atsuko Tanaka,35,15
Aubrey Dollar,159,0
Audrey Dana,63,1
Audrey Fleurot,63,5
Audrey Hepburn,24,14
Audrey Tautou,63,4
Auli'i Cravalho,8,7
Aura Garrido,160,0
Aurore Clément,63,2
Autumn Reeser,18,3
Ava Gardner,24,10
Ava Mendez,161,0
Avan Jogia,162,2
Avi Arad,28,8
Awkwafina,8,27
Axel Schreiber,163,0
Aya Asahina,164,0
Aya Cash,24,1
Aya Endo,35,33
Aya Hisakawa,35,31
Ayame Misaki,35,5
Ayo Edebiri,165,1
Ayumu Murase,35,46
Azi Acosta,3,1
B.J. Novak,18,9
Babs Olusanmokun,28,8
Bae Doona,28,7
Bae Suzy,166,0
Bai Ling,0,15
Bailee Madison,167,0
Bam Margera,8,2
Bang Chan,168,0
Bar Paly,169,0
BarBara Luna,18,1
Barbara Bouchet,170,0
Barbara Hershey,24,3
Barbara Niven,75,7
Barbi Benton,171,0
Barnaby Kay,172,0
Barrett Carnahan,173,0
Barry Corbin,6,2
Barry Keoghan,8,12
Barry Pepper,5,16
Barış Arduç,174,0
Bea Benaderet,175,0
Beatrice Rosen,176,0
Beau Bridges,24,4
Beau Garrett,24,3
Bebe Neuwirth,177,0
Becca Tobin,75,1
Begoña Vargas,178,0
Bel Powley,179,0
Bella Ramsey,61,6
Ben Affleck,24,45
Ben Barnes,180,0
Ben Browder,181,0
Ben Foster,18,6
Ben Kingsley,61,33
Ben Mendelsohn,6,17
Ben Whishaw,61,24
Benedetta Porcaroli,63,2
Benedict Cumberbatch,28,112
Benedict Wong,28,52
Benjamin Ayres,75,3
Benjamin Bratt,8,7
Benoît Magimel,63,5
Bentley Kalu,6,3
Bernadette Peters,24,6
Bernard Hill,24,2
Bette Davis,24,18
Betty Buckley,6,3
Betty Gabriel,183,0
Betty Gilpin,184,0
Bhumika Chawla,4,1
Bill Bixby,185,0
Bill Chott,186,0
Bill Moseley,0,20
Bill Nighy,61,29
Bill Paxton,0,3
Bill Pullman,28,11
Bill Skarsgård,6,24
Bill Smitrovich,18,4
Billie Eilish,8,6
Billie Piper,61,4
Billy Barty,187,0
Billy Burke,101,20
Billy Connolly,61,3
Billy Crudup,24,19
Billy Crystal,8,31
Billy Eichner,8,8
Billy Idol,188,0
Billy Magnussen,41,8
Billy Wirth,189,0
Billy Zane,0,21
Bin Shimada,35,29
Bing Russell,190,0
Biran Damla Yılmaz,191,0
Birce Akalay,192,0
Birgitte Hjort Sørensen,193,0
Bitty Schram,194,0
Blair Redford,195,0
Blair Underwood,18,2
Blake Lively,8,3
Blanca Suárez,139,2
Blythe Danner,61,1
Bo Derek,0,4
Bob Gunton,24,5
Bob Hoskins,6,1
Bob Kane,18,7
Bob Odenkirk,8,32
Bob Peterson,8,7
Bobby Cannavale,28,31
Bokeem Woodbine,0,5
Boman Irani,4,7
Bong Joon-ho,196,1
Bongkoj Khongmalai,197,0
Bonnie Bedelia,198,0
Bonnie Raitt,41,1
Boran Kuzum,199,0
Bouli Lanners,63,12
Brad Garrett,8,11
Brad Pitt,24,57
Brad Renfro,200,0
Brad William Henke,201,0
Bradley Steven Perry,202,0
Bradley Whitford,18,8
Brandon Quinn,28,5
Brandon Routh,63,8
Breckin Meyer,28,13
Brenda Bakke,203,0
Brenda Blethyn,41,1
Brenda Song,8,7
Brenda Strong,204,0
Brendan Fletcher,0,8
Brendan Gleeson,61,24
Brendan Sexton III,41,4
Brenton Thwaites,61,4
Brett Cullen,205,0
Brett Dalton,7,2
Brett Dier,18,3
Brian Cox,41,13
Brian Geraghty,206,3
Brian J. White,6,2
Brian Markinson,0,1
Brian McCardie,6,1
Brian Tee,208,0
Brian Thompson,0,3
Brian Tyree Henry,8,24
Brian Van Holt,209,0
Briana Evigan,0,3
Brianna Brown,210,0
Brianne Howey,211,0
Bridget Flanery,212,0
Bridget Moynahan,6,3
Bridget Regan,213,0
Brigette Lundy-Paine,18,1
Brighton Sharbino,214,0
Brigid Brannagh,215,0
Brigitte Bardot,63,7
Brigitte Helm,216,0
Brigitte Hobmeier,217,0
Brigitte Lin,218,0
Brit Marling,8,2
Britt Ekland,219,0
Britt Robertson,6,4
Brittany Drisdelle,220,0
Brittany Finamore,221,0
Brittany Snow,8,8
Bronson Pinchot,222,0
Brooke Adams,223,0
Brooke Burns,75,1
Brooke D'Orsay,224,0
Brooke Langton,225,0
Brooke Nevin,226,0
Brooke Shields,24,5
Brooke Smith,18,2
Bruce A. Young,18,1
Bruce Davison,18,8
Bruce Greenwood,18,14
Bruce McGill,18,7
Bruno Mars,227,0
Bryan Cranston,8,50
Bryce Dallas Howard,28,13
Buck Henry,24,1
Burak Sevinç,228,0
Burak Özçivit,229,0
Burn Gorman,6,3
Burt Bacharach,230,0
Burt Lancaster,24,14
Burt Reynolds,0,3
Burt Young,0,7
Buster Keaton,231,1
Byeon Woo-seok,232,0
Bárbara de Regil,233,0
Bérénice Bejo,63,6
C. Thomas Howell,0,6
Cailee Spaeny,8,1
Caitlin Carver,234,0
Caitlin FitzGerald,18,2
Caitlin Stasey,235,0
Caity Lotz,236,0
Caleb Deschanel,24,1
Caleb Landry Jones,6,4
Caleel Harris,8,3
Callan Mulvey,28,14
Callum Turner,8,4
Calum Worthy,237,2
Cam Gigandet,0,6
Cameron Bancroft,75,2
Cameron Bright,101,10
Cameron Diaz,8,22
Cameron Dye,238,0
Camila Cabello,8,9
Camila Mendes,239,0
Camille Cottin,63,1
Camille Guaty,240,0
Campbell Scott,28,10
Camren Bicondova,241,0
Candi Milo,18,8
Candice Bergen,8,32
Candice Michelle,242,0
Caner Cindoruk,243,0
Cansu Dere,244,0
Cara Delevingne,61,6
Carel Struycken,24,4
Carey Mulligan,24,5
Cariba Heine,245,0
Carice van Houten,5,3
Carl Lumbly,61,1
Carl Reiner,24,8
Carla Gallo,8,10
Carla Gugino,24,19
Carleton Young,246,0
Carlo Verdone,24,5
Carlos Alazraqui,18,83
Carlos Gómez,247,0
Carlson Young,18,1
Carmen Argenziano,8,2
Carmen Ejogo,24,8
Carmen Maura,63,3
Carmine Giovinazzo,248,0
Carol Ann Susi,249,0
Carol Kane,8,7
Caroline Catz,250,0
Caroline Dhavernas,63,1
Caroline Munro,0,7
Carrie Fisher,61,26
Carrie Preston,8,2
Carrie-Anne Moss,5,4
Cary Grant,24,19
Cary-Hiroyuki Tagawa,0,7
Casey Affleck,6,22
Casper Van Dien,0,10
Cassandra Jean Amell,251,0
Cassandra Peterson,0,15
Cassidy Freeman,252,0
Cate Blanchett,61,61
Caterina Ferioli,253,0
Caterina Murino,254,0
Catherine Bell,0,1
Catherine Breillat,255,0
Catherine Deneuve,63,14
Catherine Hardwicke,24,3
Catherine McCormack,61,1
Catherine O'Hara,8,11
Catherine Schell,8,1
Catherine Zeta-Jones,8,1
Cecilia Suárez,24,5
Cedric Yarbrough,18,10
Cedric the Entertainer,8,24
Cerina Vincent,0,4
Cesar Romero,24,1
Cha Eun-woo,256,1
Chace Crawford,41,2
Chad Allen,257,0
Chad Michael Collins,0,3
Chad Michael Murray,0,3
Chad Stahelski,6,6
Chance Perdomo,75,3
Chandler Riggs,28,9
Channing Tatum,8,42
Chantal Goya,259,0
Chantal Lauby,63,2
Charles Cyphers,18,1
Charles Durning,0,2
Charles Lin,260,0
Charles Malik Whitfield,6,1
Charles Martin Smith,261,0
Charles Shaughnessy,262,0
Charlie Barnett,263,0
Charlie Cox,28,13
Charlie Day,8,28
Charlie Murphy,61,2
Charlie Sheen,6,7
Charlie Tahan,8,1
Charlize Theron,5,39
Charlotte Gainsbourg,63,8
Charlotte Rampling,63,20
Charlotte Riley,61,1
Charlotte Ritchie,264,0
Charlotte Sullivan,43,1
Charlton Heston,24,17
Charlyne Yi,8,12
Cheech Marin,24,12
Chelah Horsdal,75,3
Chelsea Peretti,8,4
Chelsey Reist,75,3
Chen Zheyuan,265,0
Cheng Pei-pei,7,2
Cherry Jones,6,2
Cheryl Hines,8,5
Cheryl Ladd,266,0
Chevy Chase,8,17
Chiaki Kobayashi,35,2
Chiaki Kuriyama,7,4
Chiaki Takahashi,35,5
Chika Anzai,35,22
Chino Darín,139,2
Chiwa Saito,35,43
Chiwetel Ejiofor,28,23
Chloë Grace Moretz,6,24
Chloë Sevigny,63,4
Cho Mi-yeon,267,0
Cho Yeo-jeong,268,0
Choi Moo-seong,269,0
Choi Woo-shik,196,1
Choi Ye-won,270,0
Chow Yun-fat,7,3
Chris Bauer,24,1
Chris Columbus,61,4
Chris Cooper,24,7
Chris Diamantopoulos,18,6
Chris Evans,28,76
Chris Gauthier,75,6
Chris Hemsworth,28,66
Chris McKay,8,15
Chris Mulkey,0,6
Chris O'Dowd,8,19
Chris Penn,271,0
Chris Pine,18,24
Chris Pratt,28,90
Chris Rock,8,53
Chris Tucker,272,0
Christa Campbell,0,6
Christian Clemenson,273,0
Christian Kane,274,0
Christian Navarro,275,0
Christian Slater,18,14
Christina Applegate,24,8
Christina Cole,276,0
Christina Cox,277,0
Christina Moore,0,2
Christina Moses,278,0
Christina Ricci,18,3
Christina Robinson,279,0
Christine Baranski,24,5
Christine Bermas,280,0
Christine Bottomley,281,1
Christine Elise,282,2
Christine Lahti,283,0
Christine Lakin,24,16
Christine Taylor,63,1
Christine Woods,284,0
Christopher Cousins,285,0
Christopher Fairbank,28,16
Christopher Judge,286,0
Christopher Landon,287,0
Christopher Lloyd,24,26
Christopher Masterson,288,0
Christopher McQuarrie,289,0
Christopher Meloni,8,8
Christopher Mintz-Plasse,8,33
Christopher Neame,290,0
Christopher Nolan,6,23
Christopher Reeve,291,0
Chuck Connors,292,0
Chuck Norris,0,10
Chuku Modu,293,0
Chyna,0,2
Cillian Murphy,6,24
Cindy Busby,75,6
Cindy Miranda,294,0
Cindy Morgan,295,0
Cindy Pickett,296,0
Claire Danes,297,0
Claire Forlani,61,1
Claire Foy,61,2
Claire Rushbrook,61,2
Claire van der Boom,298,0
Clancy Brown,18,43
Clara Rosager,299,0
Clare Higgins,61,1
Clark Gregg,28,30
Clarke Peters,300,0
Claude Akins,301,0
Claudia Cardinale,63,2
Claudia Doumit,302,0
Claudia Geisler-Bading,49,1
Claudia Kim,28,1
Claudia Wells,24,4
Claudio Bisio,303,0
Clayne Crawford,206,1
Clea DuVall,8,1
Cleopatra Coleman,28,5
Cliff Curtis,24,8
Cliff Robertson,304,0
Clifton Collins Jr.,6,10
Clint Eastwood,24,22
Clint Howard,0,10
Clive Owen,61,1
Clive Standen,305,0
Clémence Poésy,61,19
Clémentine Célarié,63,1
Cobie Smulders,28,54
Coco Martin,306,0
Cole Hauser,6,3
Colin Egglesfield,307,0
Colin Farrell,8,7
Colin Firth,61,21
Colin Ford,28,1
Colin Hanks,8,5
Colin Lawrence,75,7
Colin Morgan,61,4
Colin Salmon,61,1
Colleen Camp,24,8
Collin Chou,7,4
Colm Feore,5,2
Colm Meaney,6,12
Conchata Ferrell,28,1
Conleth Hill,5,14
Connie Booth,308,0
Connie Nielsen,24,19
Connor Paolo,309,0
Connor Swindells,310,0
Constance Zimmer,24,1
Corbin Bernsen,0,8
Corey Feldman,6,5
Corey Fogelmanis,311,0
Cory Gruter-Andrew,312,0
Cosmo Jarvis,313,0
Costa Ronin,314,0
Costas Mandylor,0,11
Courteney Cox,13,16
Courtney Eaton,6,2
Courtney Ford,28,1
Courtney Henggeler,315,0
Courtney Love,18,1
Courtney Thorne-Smith,206,2
Craig Bierko,316,0
Craig Sheffer,0,1
Craig T. Nelson,24,5
Crispin Glover,61,1
Cristin Milioti,24,5
Cuba Gooding Jr.,6,4
Currie Graham,317,0
Curtis Nelson II,318,0
Cybill Shepherd,24,6
Cynthia Watros,319,0
Céline Dion,6,2
D.B. Woodside,320,0
D.J. Cotrona,28,8
DJ Qualls,321,0
Da'Vine Joy Randolph,8,8
Dabbs Greer,322,0
Dafne Keen,323,0
Dagmara Dominczyk,24,2
Daisuke Gori,324,0
Dakota Fanning,101,12
Dakota Johnson,206,15
Dale Dickey,6,6
Dalila Bela,43,4
Dallas Roberts,63,1
Damian Lewis,61,3
Damien Bonnard,63,15
Damien Chazelle,24,2
Damon Wayans,24,1
Dan Aykroyd,8,34
Dan Byrd,28,6
Dan Castellaneta,18,2
Dan Fogler,8,12
Dan Hedaya,325,0
Dan Lauria,326,0
Dana Delany,18,1
Dana Gourrier,24,5
Dana Ivey,327,0
Dana Plato,328,0
Dana Snyder,18,10
Danai Gurira,28,43
Danay García,0,1
Dane Cook,8,6
Danica McKellar,18,16
Daniel Bacon,75,10
Daniel Brühl,28,19
Daniel Craig,61,40
Daniel Dae Kim,6,8
Daniel Gillies,75,1
Daniel Ings,28,1
Daniel Kaluuya,28,5
Daniel Mays,61,12
Daniel Prévost,63,3
Daniel Radcliffe,61,29
Daniel Stern,329,0
Daniela Melchior,28,9
Daniella Monet,75,2
Daniella Wang,330,0
Danielle Brooks,8,2
Danielle Campbell,331,0
Danielle Harris,0,10
Danielle Macdonald,61,1
Danielle Rose Russell,332,0
Dann Florek,333,0
Danny Aiello,0,3
Danny Chan Kwok-kwan,7,4
Danny Cunningham,334,0
Danny DeVito,8,22
Danny Huston,6,12
Danny Lee Sau-Yin,335,0
Danny Pino,336,0
Danny Pudi,8,11
Danny Trejo,0,82
Dante Basco,18,2
Dany Boon,63,7
Daphne Rubin-Vega,337,0
Daphne Zuniga,338,0
Darby Stanchfield,339,0
Darren E. Burrows,340,0
Darren Shahlavi,0,6
Daryl Hannah,0,12
Daryl Sabara,18,5
Dash Mihok,0,1
Dave Bautista,28,76
Dave Coulier,341,0
Dave Franco,8,34
Dave Sheridan,8,6
Daveed Diggs,8,3
David Arquette,13,20
David Bamber,61,1
David Bowe,342,0
David Bradley,61,18
David Carradine,0,6
David Castañeda,28,1
David Corenswet,343,0
David Cronenberg,28,1
David Cross,8,32
David Cubitt,18,3
David Dastmalchian,28,24
David Denman,8,2
David Eigenberg,24,2
David Harbour,6,4
David Hemmings,344,0
David Herman,18,7
David James Lewis,75,14
David Kross,345,0
David Krumholtz,8,11
David Lynch,24,10
David McCallum,346,0
David Mendenhall,347,0
David Morrissey,28,5
David Morse,6,2
David O'Hara,24,1
David Oyelowo,6,20
David Prowse,348,0
David Ramsey,349,0
David Rees Snell,350,0
David S. Goyer,6,8
David Schwimmer,8,10
David Selby,18,14
David Silverman,351,3
David Spade,8,23
David Suchet,352,0
David Threlfall,353,0
David Wenham,61,11
David Zayas,0,8
Dax Shepard,8,6
Dayo Wong,7,2
Dayton Callie,0,4
DeForest Kelley,354,0
Dean Jones,355,0
Dean Martin,24,13
Dean S. Jagger,356,0
Dean Scott Vazquez,8,1
Deanna Russo,357,0
Debora Caprioglio,358,0
Deborah Ann Woll,359,0
Deborah Kara Unger,360,0
Deborah Kerr,24,16
Debra Hill,361,0
Debra Jo Rupp,362,0
Debra Wilson,8,14
Debra Winger,363,0
Dee Wallace,0,15
Deepika Padukone,4,9
Demet Özdemir,364,0
Demi Lovato,18,10
Demi Moore,365,1
Demis Roussos,366,0
Demián Bichir,24,19
Denise Richards,0,3
Dennis Boutsikaris,367,0
Dennis Farina,368,0
Dennis Haysbert,8,18
Dennis Hopper,24,9
Dennis Mojen,49,1
Denzel Washington,28,8
Derek Cecil,369,0
Derek Jacobi,61,15
Derek Kolstad,6,2
Derek Riddell,370,0
Dermot Mulroney,18,8
Detlef Bothe,371,0
Dev Patel,61,7
Devon Aoki,372,0
Devon Bostick,43,6
Devon Gummersall,373,0
Devon Sawa,0,2
Devon Werkheiser,374,0
Dexter Fletcher,6,4
Diana Dors,375,0
Diana Lee Inosanto,0,4
Diana Muldaur,376,0
Diana Scarwid,377,0
Diane Baker,378,0
Diane Cilento,379,0
Diane Farr,13,1
Diane Keaton,24,11
Diane Ladd,380,0
Diane Lane,24,43
Diane Morgan,24,4
Diane Neal,381,0
Diane Sawyer,382,0
Diane Venora,383,0
Dianna Agron,8,9
Dianne Doan,75,2
Dianne Wiest,24,3
Dick Van Dyke,24,4
Diego Klattenhoff,384,0
Diego Wallraff,385,0
Dimple Kapadia,4,3
Dina Spybey-Waters,386,0
Dion Johnstone,387,0
Diona Reasonover,388,0
Dirk Bogarde,389,0
Djimon Hounsou,28,33
Dolph Lundgren,0,44
Domenick Lombardozzi,24,1
Domhnall Gleeson,61,42
Dominic Cooper,28,10
Dominic Sherwood,390,0
Dominique McElligott,391,0
Dominique Sanda,392,0
Don Cheadle,28,52
Don Johnson,24,10
Don McKellar,41,3
Don McManus,206,3
Don Messick,18,2
Don Novello,0,1
Don S. Davis,393,0
Donal Logue,162,1
Donald Faison,8,2
Donald O'Connor,24,2
Donald Pleasence,394,0
Donald Sutherland,41,24
Donna Mills,395,0
Donna Reed,24,9
Dorothy Lamour,396,0
Dougray Scott,61,3
Drea de Matteo,28,1
Drew Barrymore,24,8
Drew Starkey,397,0
Dustin Hoffman,24,46
Dweezil Zappa,398,0
Dylan Arnold,28,4
Dylan McDermott,8,2
Dylan Minnette,399,0
Dylan O'Brien,5,9
Dylan Sprouse,400,1
Dylan Walsh,24,1
Désirée Nosbusch,49,1
Eamonn Walker,401,0
Ebon Moss-Bachrach,402,0
Ed Harris,206,8
Ed Helms,8,22
Ed O'Neill,8,10
Eddie Cibrian,8,1
Eddie Griffin,403,0
Eddie Izzard,61,16
Eddie Kaye Thomas,24,3
Eddie Marsan,6,41
Eddie Murphy,8,31
Eddie Vedder,8,4
Eden Sher,404,0
Edgar Ramírez,61,7
Edgar Wright,24,19
Edi Gathegi,405,0
Edison Chen,406,0
Edvin Ryding,407,0
Edward Burns,18,2
Edward Fox,408,0
Edward Furlong,0,3
Edward James Olmos,24,8
Edward Norton,63,33
Edwige Fenech,409,0
Ehren Kruger,410,0
Eiza González,28,1
Elaine Hendrix,411,0
Eleanor Matsuura,24,13
Eleanor Tomlinson,61,4
Eli Roth,24,13
Elijah Wood,61,14
Eliot Sumner,412,0
Elisabeth Harnois,8,1
Elisabeth Moss,63,5
Elisabeth Röhm,24,5
Elisabeth Shue,75,2
Elise Gatien,75,1
Elisha Cuthbert,24,1
Elisha Henig,413,0
Eliza Butterworth,414,0
Eliza Dushku,18,1
Elizabeth Blackmore,415,0
Elizabeth Daily,18,16
Elizabeth Debicki,28,22
Elizabeth Mitchell,416,0
Elizabeth Montgomery,417,0
Elizabeth Olsen,28,55
Elizabeth Reaser,101,19
Elizabeth Rodriguez,43,2
Ella Purnell,49,6
Ellen Barkin,365,1
Ellen Burstyn,6,22
Ellen Hollman,6,1
Ellen Travolta,18,3
Ellie Kemper,8,27
Ellie Kendrick,418,0
Elliot Page,6,1
Elliott Gould,24,16
Elodie Yung,101,1
Elon Musk,6,3
Elsa Lanchester,419,0
Elsie Fisher,8,10
Elvis Presley,24,12
Elvis Tsui Kam-Kong,7,2
Elyas M'Barek,49,6
Elçin Sangu,420,0
Embeth Davidtz,28,6
Emi Shinohara,35,1
Emilia Schüle,49,5
Emilio Estevez,18,3
Emilio Rivera,0,6
Emilio Sakraya,49,2
Emily Blunt,6,21
Emily Browning,0,1
Emily Kinney,421,0
Emily Mortimer,61,5
Emily Procter,422,0
Emily Ratajkowski,423,0
Emily Rios,424,0
Emily Rudd,13,4
Emily Tennant,75,3
Emily Tosta,425,0
Emily Watson,61,10
Eminem,8,6
Emma Booth,426,0
Emma Dumont,8,1
Emma Hamilton,6,1
Emma Mackey,427,0
Emma Roberts,6,7
Emma Stone,28,38
Emmanuelle Chriqui,41,3
Emmanuelle Seigner,63,4
Emmanuelle Vaugier,75,1
Emmy Rossum,428,0
Emory Cohen,41,3
Emre Bey,429,0
Engin Akyürek,430,0
Engin Öztürk,431,0
Enrique Arce,432,0
Enrique Iglesias,433,0
Erdal Yildiz,49,3
Eri Kitamura,35,56
Eric Allan Kramer,434,0
Eric André,8,9
Eric Balfour,435,0
Eric Bana,61,4
Eric Bogosian,436,0
Eric Braeden,437,0
Eric Dane,438,0
Eric Lange,439,0
Eric McCormack,440,0
Eric Roberts,0,57
Eric Schweig,101,1
Erica Ash,441,0
Erica Cerra,75,2
Erica Durance,75,1
Erica Luttrell,24,7
Erick Avari,442,0
Erik King,443,0
Erik Per Sullivan,444,0
Erik von Detten,445,0
Erika Alexander,0,1
Erika Jordan,446,0
Erin Cummings,8,2
Erin Dilly,447,0
Ernest Borgnine,24,1
Ernie Hudson,8,18
Esai Morales,24,4
Esha Deol,448,0
Esra Dermancıoğlu,449,0
Essence Atkins,8,3
Estella Warren,450,0
Esther Garrel,63,1
Ethan Cutkosky,451,0
Ethan Embry,452,0
Ethan Hawke,24,22
Ethan Peck,453,0
Eugene Levy,8,8
Eva Birthistle,454,0
Eva De Dominici,455,0
Eva Green,63,13
Eva Habermann,456,0
Eva Longoria,8,5
Evan Peters,6,18
Evan Rachel Wood,28,6
Evangeline Lilly,28,34
Eve Best,61,2
Eve Harlow,457,0
Eve Mauro,0,1
Eve Myles,101,2
Ever Carradine,458,0
Everett McGill,459,0
Evgeniya Gromova,460,0
Ewan McGregor,61,30
Ewen Bremner,61,9
F. Murray Abraham,63,17
Fahadh Faasil,4,1
Fairouz Ai,35,5
Fairuza Balk,0,1
Fala Chen,461,2
Famke Janssen,18,9
Fan Bingbing,7,5
Fann Wong,462,0
Farida Jalal,4,1
Farrah Fawcett,463,0
Fay Masterson,206,6
Faye Dunaway,24,2
Faye Marsay,464,0
Felicity Montagu,8,1
Felisha Terrell,465,0
Felix Mallard,466,0
Ferdia Walsh-Peelo,5,2
Fidel Castro,24,4
Finbar Lynch,6,1
Finn Cole,61,2
Finn Jones,467,0
Finn Wolfhard,6,13
Finneas O'Connell,8,2
Fiona Dourif,282,2
Fiona Gubelmann,468,0
Fiona O'Shaughnessy,469,0
Fiona Rene,470,0
Fiona Shaw,61,7
Fionnula Flanagan,61,1
Fisher Stevens,63,17
Florence Pugh,28,13
Forest Whitaker,28,28
Frances Conroy,18,7
Frances Fisher,0,11
Frances McDormand,63,10
Frances O'Connor,61,2
Francesca Annis,471,0
Francie Swift,472,0
Francis Ford Coppola,24,34
Francis Lawrence,41,8
Francis Magee,24,12
Franck Dubosc,63,6
Franco Nero,24,6
Frank Capra,24,8
Frank Darabont,0,9
Frank Dillane,473,0
Frank John Hughes,18,1
Frank Sinatra,24,30
Frank Welker,18,70
Frank Whaley,474,0
Frankie Faison,0,1
Frankie Muniz,475,0
François Civil,63,7
François Cluzet,63,6
François Damiens,63,7
Françoise Fabian,63,2
Françoise Yip,6,1
Fred Armisen,8,72
Fred Ward,476,0
Freddie Highmore,477,0
Freddie Prinze Jr.,61,4
Frederick Lau,49,8
Fredro Starr,478,0
Freida Pinto,8,10
Freya Allan,24,2
Freya Mavor,6,1
Fritz Lang,479,0
Frédéric Diefenthal,480,0
Fumi Nikaido,7,3
Funda Eryiğit,481,0
G.W. Bailey,482,0
Gabriel Basso,483,0
Gabriel Byrne,61,3
Gabriel Guevara,484,0
Gabriel Macht,485,0
Gabrielle Anwar,486,0
Gaby Hoffmann,6,2
Gael García Bernal,351,2
Gaia Weiss,487,0
Gail O'Grady,488,0
Gaite Jansen,489,1
Gal Gadot,5,40
Garret Dillahunt,49,9
Garrett Hedlund,24,11
Gary Carlos Cervantes,490,0
Gary Cole,18,22
Gary Cooper,491,0
Gary Dourdan,41,3
Gary Grubbs,6,5
Gary Lewis,6,3
Gary Oldman,6,53
Gary Ross,41,1
Gary Sinise,492,0
Gary Weeks,28,12
Gaspard Ulliel,6,3
Gemma Arterton,61,17
Gemma Atkinson,493,0
Gemma Chan,8,16
Gemma Jones,61,4
Gemma Whelan,6,1
Gen Hoshino,494,0
Gena Rowlands,495,0
Gene Hackman,24,3
Gene Tierney,496,0
Gene Wilder,24,3
Genevieve Angelson,497,0
Genevieve O'Reilly,28,4
Geoffrey Rush,61,16
George Blagden,498,0
George C. Scott,499,0
George Cheung,500,0
George Clooney,24,27
George Harrison,24,3
George Lopez,8,40
George Miller,24,1
George Wyner,501,0
Georgia Engel,502,0
Georgia Hirst,503,0
Georgie Henley,504,0
Georgina Campbell,505,0
Georgina Haig,506,0
Georgina Hale,507,0
Georgina Reilly,6,1
Geraldine Chaplin,63,9
Geraldine Somerville,61,22
Geum Sae-rok,196,1
Gia Crovatin,508,0
Gideon Adlon,7,2
Gil Birmingham,101,14
Gillian Jacobs,13,13
Gina Gershon,18,8
Gina Holden,509,0
Gina Lollobrigida,510,0
Gina McKee,511,0
Gina Rodriguez,5,8
Gina Torres,512,0
Gino Anthony Pesi,513,0
Giulio Berruti,514,0
Gizem Emre,49,2
Glen Powell,0,11
Glenn Close,24,17
Glori-Anne Gilbert,515,1
Golda Rosheuvel,516,0
Goldie Hawn,24,15
Golshifteh Farahani,6,7
Gong Li,517,0
Goran D. Kleut,61,3
Goran Visnjic,8,2
Gordon Liu Chia-hui,7,3
Grace Caroline Currey,28,7
Grace Park,518,0
Grace Van Patten,519,0
Grace Zabriskie,0,1
Graham Greene,101,5
Graham Patrick Martin,520,0
Grant Bowler,521,0
Greg Bryk,6,2
Greg Cipes,18,19
Greg Kinnear,61,9
Gregg Henry,28,19
Gregory Smith,522,0
Greta Garbo,523,0
Greta Lee,8,12
Greta Scacchi,524,0
Gretchen Corbett,525,0
Gretchen Mol,6,1
Gugu Mbatha-Raw,6,6
Guillaume Canet,63,9
Guillermo del Toro,24,11
Gustaf Skarsgård,28,3
Guy Fieri,526,0
Guy Ritchie,63,2
Guz Khan,28,1
Gwendoline Christie,5,21
Gwendoline Yeo,18,12
Gwyneth Paltrow,28,37
Géraldine Pailhas,63,1
Gérard Darmon,63,5
Gérard Depardieu,63,11
Gökçe Eyüboğlu,527,0
Ha Jun,196,3
Ha Seok-jin,528,0
Hadley Robinson,529,0
Hailee Steinfeld,8,30
Hal Ozsan,530,0
Haley Bennett,206,2
Haley Joel Osment,24,7
Haley Lu Richardson,6,4
Hallie Todd,531,0
Han Ji-eun,196,2
Han Ji-min,196,2
Han Seo-ah,532,2
Han Seol-hwa,533,0
Hana Mae Lee,8,7
Hande Erçel,534,0
Hank Azaria,18,15
Hanna Schygulla,63,1
Hannah John-Kamen,61,4
Hannah Murray,63,2
Hannah Waddingham,6,3
Hans Sigl,535,0
Hans Zimmer,6,4
Harris Dickinson,536,0
Harris Yulin,537,0
Harry Dean Stanton,8,2
Harry Hamlin,0,1
Harry Lennix,24,14
Harry Melling,61,4
Harry Shum Jr.,7,11
Harry Styles,8,3
Haruka Ayase,7,3
Haruka Chisuga,538,0
Haruka Fukuhara,35,9
Haruka Shiraishi,35,4
Haruka Tomatsu,35,56
Harvey Keitel,63,13
Hatice Aslan,539,0
Hayal Köseoğlu,540,0
Hayao Miyazaki,541,0
Hayden Panettiere,13,7
Hayley Atwell,28,47
Hayley Mills,542,0
Hazal Kaya,543,0
Heath Ledger,6,2
Heather Graham,8,7
Heather Langenkamp,0,9
Heather Locklear,544,0
Heather Matarazzo,13,4
Heaven Peralejo,545,0
Heidi Gardner,8,1
Heiner Lauterbach,49,7
Helen Hunt,546,0
Helen McCrory,61,30
Helen Mirren,5,58
Helen Slater,18,6
Helena Mattsson,8,2
Helene Joy,547,0
Helin Kandemir,548,0
Henry Cavill,24,24
Henry Rollins,8,1
Henry Thomas,0,10
Heo Dong-won,196,3
Heo Joon-ho,549,0
Hiam Abbass,6,6
Hidetaka Yoshioka,7,5
Hikaru Midorikawa,35,36
Hilarie Burton,550,0
Hilary Swank,24,3
Himesh Patel,551,0
Hina Kino,35,1
Hiro Kanagawa,552,0
Hiro Shimono,35,45
Hiroki Touchi,35,40
Hiroshi Kamiya,35,79
Hisako Kyoda,35,3
Hitomi Nabatame,35,31
Hochu Otsuka,35,32
Holland Taylor,18,5
Holliday Grainger,61,4
Holly Hunter,24,30
Holly Marie Combs,553,0
Holly Valance,554,0
Holt McCallany,6,6
Honor Blackman,555,0
Howard Hawks,24,1
Hrithik Roshan,4,1
Hu Jun,556,0
Huang Xiaoming,7,8
Hugh Bonneville,61,15
Hugh Fraser,557,0
Hugh Grant,61,23
Hugh Laurie,8,6
Hugo Weaving,61,26
Humphrey Bogart,24,20
Hunter Doohan,558,0
Hunter King,559,0
Hunter Schafer,560,0
Hutch Dano,0,1
Hyun Bin,196,3
Iain Armitage,8,1
Iain Glen,6,3
Ian Anthony Dale,561,0
Ian Hart,61,2
Ian Holm,61,8
Ian McDiarmid,61,14
Ian McKellen,61,26
Ian McNeice,562,0
Ian McShane,6,16
Ian Somerhalder,563,0
Ice-T,8,14
Idina Menzel,8,12
Idris Elba,28,48
Ignacio Serricchio,564,0
Ike Barinholtz,8,25
Iko Uwais,0,1
Iliza Shlesinger,8,5
Illeana Douglas,18,14
Im Soo-hyang,565,0
Imanol Arias,139,1
Imogen Poots,8,8
India Eisley,6,2
India de Beaufort,566,0
Indira Varma,6,5
Indya Moore,63,1
Ingeborga Dapkūnaitė,567,0
Ingrid García Jonsson,568,0
Ingrid Steeger,569,0
Inuko Inuyama,35,11
Ioan Gruffudd,24,7
Ione Skye,41,1
Iqbal Theba,18,2
Ireine Song,570,0
Irene Tsu,571,0
Irrfan Khan,4,3
Irvin Kershner,572,0
Isaac Hempstead-Wright,5,12
Isabel May,573,0
Isabella Laughland,61,17
Isabella Rossellini,24,11
Isabelle Adjani,63,4
Isabelle Fuhrman,41,13
Isabelle Nanty,63,7
Ismael Cruz Cordova,0,2
Itziar Ituño,574,0
Iwan Rheon,61,3
Izabela Vidovic,575,0
Izabella Scorupco,576,0
J.D. Evermore,24,14
J.J. Abrams,61,20
J.K. Simmons,28,62
J.P. Manoux,577,0
JR Bourne,578,0
Jace Norman,579,4
Jack Black,8,49
Jack Champion,24,6
Jack De Sena,580,0
Jack Donnelly,24,1
Jack Fisher,581,0
Jack Griffo,579,4
Jack Kehler,8,3
Jack McBrayer,8,34
Jack Nicholson,24,29
Jack Reynor,41,10
Jack Wagner,75,1
Jack Weston,582,0
Jack Whitehall,8,2
Jackie Chan,8,19
Jackie Coogan,583,0
Jackie Li,584,0
Jackson Rathbone,101,19
Jacob Fortune-Lloyd,63,6
Jacob Tremblay,8,5
Jacqueline Bisset,585,0
Jacqueline Byers,586,0
Jacqueline Obradors,587,0
Jada Pinkett Smith,8,11
Jade Pettyjohn,579,5
Jadyn Wong,588,0
Jaeden Martell,6,10
Jaime Camil,18,7
Jaime King,0,5
Jaime Lorente,589,0
Jaime Murray,61,2
Jaime Pressly,590,0
Jaime Ray Newman,591,0
Jaimie Alexander,28,11
Jaina Lee Ortiz,592,0
Jake Gyllenhaal,28,22
Jake Hoffman,24,1
Jake Johnson,8,31
Jake Kasdan,593,0
Jake McLaughlin,594,0
Jake T. Austin,8,9
Jake Thomas,595,0
Jake Weber,596,0
James Avery,597,0
James Badge Dale,18,8
James Bolam,598,0
James Brolin,8,1
James Caan,24,24
James Cameron,24,13
James Coburn,599,0
James Cosmo,61,9
James Cromwell,63,7
James D'Arcy,28,7
James Denton,600,0
James Doohan,18,3
James Duval,0,7
James Earl Jones,61,8
James Faulkner,6,1
James Franco,8,75
James Gandolfini,28,5
James Garner,18,4
James Gunn,28,17
James Hong,8,15
James Horner,24,1
James Karen,231,1
James Le Gros,6,1
James Marsden,8,14
James Mason,601,0
James McAvoy,6,47
James Norton,61,4
James Pickens Jr.,602,0
James Purefoy,61,3
James Remar,6,12
James Roday Rodriguez,0,8
James Russo,0,8
James Stewart,24,19
James Tolkan,24,5
James Tupper,206,4
James Urbaniak,8,5
James Wan,603,0
James Woods,8,4
Jami Gertz,604,0
Jamie Bell,206,3
Jamie Campbell Bower,101,15
Jamie Chung,8,11
Jamie Dornan,206,6
Jamie Farr,605,0
Jamie Foxx,8,63
Jamie Kennedy,13,10
Jamie Lee O'Donnell,606,0
Jamie McShane,28,9
Jamie-Lynn Sigler,75,3
Jamilla Obispo,607,0
Janaki Sabesh,4,1
Jane Adams,608,0
Jane Asher,609,0
Jane Badler,610,0
Jane Birkin,63,4
Jane Curtin,8,13
Jane Fonda,24,39
Jane Levy,61,1
Jane Lynch,8,24
Jane March,611,0
Jane Seymour,18,2
Janeane Garofalo,8,13
Janet Jones,8,1
Janet Montgomery,612,0
Jang Dong-gun,613,0
Jang Ki-yong,614,0
Jang Young-nam,196,10
Janina Gavankar,8,1
Janine Duvitski,615,0
Janine Turner,616,0
Jannis Niewöhner,49,6
January Jones,6,2
Jared Abrahamson,6,1
Jared Harris,617,0
Jared Leto,24,6
Jared Padalecki,618,0
Jasmine Trinca,63,1
Jason Alexander,8,16
Jason Beghe,0,1
Jason Biggs,24,11
Jason Clarke,6,14
Jason Flemyng,6,16
Jason Gedrick,619,0
Jason Isaacs,61,35
Jason Mantzoukas,8,24
Jason Patric,0,3
Jason Schombing,75,4
Jason Schwartzman,63,48
Jason Statham,5,36
Jason Sudeikis,8,46
Jasper Pääkkönen,8,1
Javier Bardem,61,25
Javon Walton,620,0
Jay Benedict,61,1
Jay Harrington,24,1
Jay Leno,8,16
Jayne Atkinson,621,0
Jayne Eastwood,101,5
Jayne Heitmeyer,622,0
Jaz Sinclair,75,1
Jean Dujardin,63,16
Jean Gabin,623,0
Jean Reno,28,5
Jean Seberg,624,0
Jean Simmons,625,0
Jean Smart,8,3
Jean-Claude Van Damme,0,20
Jeanne Tripplehorn,18,1
Jedidiah Goodacre,75,5
Jeff Bridges,24,25
Jeffrey Combs,0,16
Jeffrey Donovan,6,2
Jeffrey Hunter,626,0
Jeffrey Tambor,8,18
Jeffrey Wright,41,47
Jelena Gavrilović,627,0
Jemma Redgrave,61,3
Jena Malone,41,17
Jenette Goldstein,628,0
Jenna Boyd,629,0
Jenna Coleman,61,7
Jenna Elfman,630,0
Jenna Fischer,63,1
Jenna Kanell,631,0
Jenna Ortega,13,5
Jennette McCurdy,632,1
Jennie Jacques,633,0
Jennie Kim,634,0
Jennie Silfverhjelm,5,3
Jennifer Aniston,8,26
Jennifer Carpenter,24,3
Jennifer Connelly,206,7
Jennifer Coolidge,18,7
Jennifer Esposito,8,1
Jennifer Garner,24,8
Jennifer Landon,635,0
Jennifer Lee,8,4
Jennifer Lopez,24,18
Jennifer Love Hewitt,6,4
Jennifer Lyons,636,0
Jennifer Morrison,6,6
Jennifer O'Dell,637,0
Jennifer Tilly,282,2
Jenny Agutter,28,5
Jenny Robertson,638,0
Jenny Slate,18,27
Jeon Mi-seon,639,0
Jeon No-min,640,0
Jeong Da-eun,641,0
Jeong Jun-ho,642,0
Jere Burns,643,0
Jeremy Allen White,6,1
Jeremy Clarkson,644,0
Jeremy Davies,645,0
Jeremy Northam,646,0
Jeremy Piven,0,6
Jeremy Renner,28,56
Jeremy Strong,6,9
Jeri Ryan,18,4
Jerrod Carmichael,8,10
Jerry O'Connell,24,16
Jerry Orbach,24,1
Jerry Trainor,632,1
Jess McLeod,0,1
Jessalyn Gilsig,647,0
Jesse Bradford,648,0
Jesse Eisenberg,24,36
Jesse Metcalfe,0,6
Jesse Spencer,649,0
Jesse Ventura,650,0
Jesse Williams,651,0
Jessica Alba,0,23
Jessica Amlee,652,0
Jessica Biel,24,7
Jessica Brown Findlay,61,4
Jessica Chastain,6,41
Jessica De Gouw,653,0
Jessica DiCicco,18,20
Jessica Gunning,654,0
Jessica Harmon,655,1
Jessica Henwick,6,3
Jessica Hynes,61,3
Jessica Lange,656,0
Jessica Lowndes,0,2
Jessica McNamee,657,0
Jessica Parker Kennedy,658,0
Jessica Steen,659,0
Jessica Stroup,660,0
Jessica Williams,8,6
Jessie Buckley,61,1
Jessy Schram,661,0
Jet Li,0,8
Ji Jin-hee,662,0
Ji Sung,663,0
Jill Clayburgh,664,0
Jill Hennessy,665,0
Jill Ireland,666,0
Jill St. John,24,1
Jillian Armenante,667,0
Jillian Bell,8,11
Jillian Murray,668,0
Jim Beaver,669,0
Jim Belushi,8,12
Jim Carter,61,8
Jim Caviezel,670,0
Jim Cummings,18,33
Jim Parsons,8,8
Jim Sturgess,61,4
Jing Tian,7,1
Jo Bo-ah,671,0
Jo Jae-yun,196,7
Joan Allen,672,0
Joanna Scanlan,61,4
Joanne Froggatt,61,7
Joanne Kelly,673,0
Joanne Vannicola,674,0
Joanne Whalley,0,1
Joaquim de Almeida,5,9
Joaquin Phoenix,8,20
Jodelle Ferland,75,3
Jodi Lyn O'Keefe,675,0
Jodie Comer,28,4
Jodie Foster,24,10
Jody Thompson,24,1
Joe Anderson,676,0
Joe Bird,677,0
Joe Dempsie,678,0
Joe Johnston,28,1
Joe Manganiello,24,27
Joe Pantoliano,679,0
Joe Pesci,24,4
Joe Rogan,8,2
Joe Taslim,680,0
Joe Turkel,681,0
Joel Edgerton,6,25
Joel Fry,61,6
Joely Richardson,24,9
Joey King,6,18
John Boyd,682,0
John Bradley,5,13
John C. McGinley,683,0
John C. Reilly,8,34
John Carpenter,0,16
John Carradine,684,0
John Carroll Lynch,28,5
John Cassavetes,685,0
John Castle,686,0
John Cenatiempo,7,4
John Cho,18,16
John Cleese,18,16
John DiMaggio,18,77
John Diehl,687,0
John Forsythe,688,0
John Francis Daley,8,1
John Hannah,61,2
John Hawkes,49,8
John Heard,0,2
John Krasinski,6,11
John Landis,24,17
John Larroquette,689,0
John Lasseter,24,4
John Le Mesurier,690,0
John Lithgow,6,29
John Logan,691,0
John M. Jackson,692,0
John Maclaren,6,1
John Magaro,41,5
John Mahoney,693,0
John Malkovich,41,21
John Michael Higgins,8,15
John Noble,694,0
John Novak,695,0
John Polson,696,0
John Pyper-Ferguson,697,0
John Rhys-Davies,24,12
John Ritter,698,0
John Saxon,699,0
John Travolta,24,39
John Turturro,6,13
John Waters,18,17
John Wayne,24,16
John Woo,24,1
John Woodvine,700,0
Johnathon Schaech,8,2
Johnny Depp,6,55
Johnny Flynn,701,0
Johnny Huang,0,2
Johnny Knoxville,8,9
Johnny Lewis,702,0
Johnny Messner,0,3
Johnny Pemberton,8,13
Johnny Simmons,63,10
Jolene Blalock,703,0
Jon Cryer,6,1
Jon Favreau,28,67
Jon Hamm,8,31
Jon Huertas,8,1
Jon Voight,24,29
Jonathan Aris,61,7
Jonathan Bailey,61,1
Jonathan Banks,8,8
Jonathan Bennett,75,5
Jonathan Nolan,6,11
Jonathan Pryce,101,4
Jonathan Rhys Meyers,704,0
Jonathan Roumie,705,0
Jonathan Silverman,13,3
Jonathan Zaccaï,63,2
Jordan Patrick Smith,706,0
Jordana Brewster,5,13
Jordana Spiro,13,5
Jorge Garcia,8,8
Jorja Fox,707,0
Jorma Taccone,8,30
Jose Coronado,139,1
Joseph Cotten,24,1
Joseph D. Reitman,24,4
Joseph Gordon-Levitt,6,21
Joseph Morgan,708,0
Joseph O'Conor,709,0
Joseph Sikora,710,0
Josephine Langford,75,3
Josh Brolin,28,69
Josh Charles,28,1
Josh Gad,8,27
Josh Hamilton,6,3
Josh Holloway,711,0
Josh Hutcherson,41,21
Josh Pais,6,5
Josh Peck,18,16
Josh Randall,0,1
Josh Zuckerman,712,0
Joshua Jackson,713,0
Josie Loren,714,0
Joss Whedon,28,17
José Wilker,715,0
Jouji Nakata,35,40
Joyce Hyser,716,0
Ju Ji-hoon,196,3
Judah Friedlander,0,8
Judd Hirsch,8,7
Jude Law,63,27
Judge Reinhold,717,0
Judi Dench,61,43
Judith Godrèche,718,0
Judy Cornwell,719,0
Judy Greer,28,26
Judy Landers,720,0
Julia Campbell,721,0
Julia Cheng Yim-Lai,461,2
Julia Garner,206,1
Julia Louis-Dreyfus,28,17
Julia Nickson,722,0
Julia Ormond,61,2
Julia Richter,723,0
Julia Roberts,24,15
Julia Rose,724,0
Julia Stiles,24,1
Julian Cihi,725,0
Julian Dennison,6,17
Julian Fellowes,726,0
Julian Glover,24,1
Julian McMahon,24,1
Julian Ovenden,24,1
Julian Richings,43,5
Julian Sands,41,7
Julianna Guill,0,3
Julianna Margulies,727,0
Julianne Hough,8,2
Julie Andrews,24,28
Julie Ann Emery,728,0
Julie Benz,729,0
Julie Bowen,18,4
Julie Christie,730,0
Julie Claire,731,0
Julie Condra,732,0
Julie Hagerty,8,2
Julie K. Smith,515,1
Julie Michaels,733,0
Julie Newmar,18,2
Julie Strain,734,0
Julie Walters,61,37
Julie Warner,735,0
Julie White,8,4
Juliet Aubrey,736,0
Juliet Cowan,737,0
Juliette Binoche,63,10
Juliette Lewis,738,0
Julika Jenkins,739,0
Julio Peña,740,0
Jun Fukuyama,35,73
Jun Ji-hyun,741,0
Jun Jong-seo,742,0
Jung Ga-ram,743,0
Jung Hae-in,196,1
Jung Il-woo,744,0
Jung Ji-so,745,0
Jung Yoo-min,746,0
Jung Yu-mi,196,1
Junichi Suwabe,35,55
Junko Takeuchi,35,34
Junya Enoki,35,14
Justice Smith,28,2
Justin Bartha,8,5
Justin Bieber,8,8
Justin Bruening,747,1
Justin Chambers,24,1
Justin Chatwin,41,1
Justin Edwards,61,13
Justin Hartley,748,0
Justin Kirk,24,1
Justin Long,24,29
Justin Theroux,8,6
Justin Timberlake,8,31
Justina Machado,5,1
Justine Bateman,749,0
Justine Triet,750,0
Jyothika,751,0
Jördis Triebel,49,2
Kaan Urgancıoğlu,752,0
Kacey Rohl,18,2
Kaho,7,3
Kaho Minami,753,0
Kai Lennox,18,10
Kaitlin Doubleday,754,0
Kajal Agarwal,4,2
Kajol,4,2
Kaley Cuoco,8,7
Kam Heskin,755,0
Kana Hanazawa,35,60
Kana Ichinose,756,0
Kane Hodder,0,20
Kang Eun-hye,532,1
Kang Ha-neul,196,1
Kang Hye-jung,757,0
Kang Min-hyuk,758,0
Kang Tae-oh,759,1
Kang Ye-won,196,3
Kanye West,8,21
Kaori Mizuhashi,35,11
Kaori Nazuka,35,50
Kappei Yamaguchi,35,52
Karan Brar,43,4
Kareena Kapoor Khan,4,8
Karen Black,760,0
Karen Carpenter,761,0
Karen Fukuhara,762,0
Karen Gillan,28,71
Karen Hassan,763,0
Karen Mok Man-Wai,764,0
Karen Robinson,75,4
Kari Matchett,765,1
Kari Wahlgren,18,56
Kari Wuhrer,18,1
Karin Franz Körlof,6,1
Karolina Wydra,766,0
Karry Wang,767,0
Kasia Smutniak,63,3
Kat Foster,768,0
Kat Graham,75,1
Katarina Čas,61,1
Kate Ashfield,6,2
Kate Beahan,769,0
Kate Beckinsale,6,4
Kate Bosworth,24,2
Kate Hodge,0,1
Kate McKinnon,8,22
Kate Upton,770,0
Kate Winslet,24,41
Kate del Castillo,49,3
Katey Sagal,8,1
Katharina Schüttler,49,5
Katharine Hepburn,24,6
Katharine Isabelle,0,6
Katharine Ross,771,0
Katharine Towne,772,0
Katherine Boecher,773,0
Katherine Langford,774,0
Katherine McNamara,5,8
Katherine Parkinson,775,0
Katheryn Winnick,776,0
Kathleen Barr,18,6
Kathleen Byron,777,0
Kathleen Robertson,778,0
Kathleen Turner,28,1
Kathryn Bigelow,779,0
Kathryn Hahn,8,38
Kathryn Morris,780,0
Kathryn Newton,28,4
Kathy Baker,6,8
Katie Cassidy,781,0
Katie Douglas,782,0
Katie Featherston,0,9
Katie Findlay,783,0
Katie Holmes,61,5
Katie Leung,61,18
Katie Parker,28,1
Katja Herbers,489,1
Katrina Bowden,24,4
Katsuyuki Konishi,35,54
Katt Williams,8,3
Katy Louise Saunders,63,1
Kay Lenz,784,0
Kaya Scodelario,5,8
Kaylee Bryant,785,0
Kayvan Novak,61,2
Kazue Fukiishi,786,0
Kazuhiro Yamaji,35,14
Kazuyuki Okitsu,35,28
Keanu Reeves,6,24
Keegan Connor Tracy,75,6
Keegan-Michael Key,8,53
Keeley Hawes,787,0
Keenan Wynn,788,0
Keenen Ivory Wayans,8,5
Keiji Fujiwara,35,56
Keir Dullea,789,0
Keir O'Donnell,24,1
Keith Carradine,18,5
Keith David,0,34
Keith Ferguson,18,21
Kellan Lutz,101,28
Kelli Giddish,790,0
Kelli McCarty,791,0
Kellie Martin,75,2
Kelly Clarkson,8,7
Kelly Greyson,0,2
Kelly Hu,18,21
Kelly LeBrock,792,0
Kelly Lynch,793,0
Kelly Macdonald,61,10
Kelly McGillis,0,2
Kelly Preston,24,1
Kelly Reilly,41,1
Kelly Rohrbach,794,0
Kelly Sheridan,18,6
Kelly Thiebaud,795,0
Kelsey Grammer,41,32
Ken Jeong,8,51
Ken Loach,24,1
Ken Watanabe,41,16
Kenan Thompson,8,59
Kenichi Endo,7,5
Kenichi Suzumura,35,54
Kenji Nomura,35,9
Kenjiro Tsuda,35,51
Kenneth Branagh,28,32
Kenneth Choi,28,8
Kenta Miyake,35,69
Kento Yamazaki,7,3
Kenyu Horiuchi,35,10
Keri Russell,61,9
Kerry Fox,24,1
Kerry Washington,24,11
Kev Adams,63,5
Kevin Alejandro,796,0
Kevin Bacon,6,20
Kevin Conroy,18,16
Kevin Conway,797,0
Kevin Costner,24,21
Kevin Dillon,0,4
Kevin Durand,63,12
Kevin Feige,28,45
Kevin J. O'Connor,798,0
Kevin James,8,18
Kevin McKidd,61,3
Kevin McNally,6,6
Kevin Michael Richardson,18,64
Kevin Smith,24,81
Kevin Sorbo,0,9
Kevin Spacey,8,10
Khalid Rahman,799,0
Khamani Griffin,800,0
Khandi Alexander,801,0
Khary Payton,18,17
Kiefer Sutherland,8,10
Kiele Sanchez,802,0
Kieran Culkin,63,9
Kiersey Clemons,8,4
Kiersten Warren,237,2
Kiichi Nakai,7,2
Kikuko Inoue,35,37
Kim Basinger,206,11
Kim Bum,803,0
Kim Cattrall,804,0
Kim Coates,6,3
Kim Delaney,805,0
Kim Dickens,806,0
Kim Do-hee,532,1
Kim Hae-sook,196,3
Kim Hee-ae,807,0
Kim Hee-jeong,808,0
Kim Hunter,809,0
Kim Hwan-hee,810,0
Kim Hyang-gi,196,6
Kim Hye-jun,811,0
Kim Hye-yoon,812,0
Kim Ji-ah,532,5
Kim Ji-hun,813,0
Kim Ji-seok,814,0
Kim Joo-ryoung,815,0
Kim Jung-eun,816,0
Kim Jung-nan,817,0
Kim Kang-woo,196,5
Kim Kap-soo,196,1
Kim Kardashian,8,5
Kim Kwang-kyu,196,2
Kim Min-gue,818,0
Kim Min-jun,196,1
Kim Moo-yul,196,7
Kim Nam-gil,819,0
Kim Ok-vin,196,2
Kim Rhodes,820,0
Kim Richards,821,0
Kim Rossi Stuart,63,1
Kim Sa-rang,822,0
Kim Sae-ron,196,1
Kim Seon-ho,823,0
Kim So-hyun,824,0
Kim So-yeon,825,0
Kim Soo-hyun,196,1
Kim Soo-ji,532,1
Kim Sun-young,196,4
Kim Tae-hee,826,0
Kim Tae-hyung,827,0
Kim Yeo-jin,828,0
Kim Yeong-ok,532,1
Kim Yoon-hye,829,0
Kimiko Yo,7,3
Kingsley Ben-Adir,830,0
Kira Kosarin,579,4
Kira Reed Lorsch,831,0
Kirk Douglas,24,27
Kirsten Dunst,28,28
Kirsten Nelson,0,5
Kirstie Alley,832,0
Kit Harington,5,26
Klaus Kinski,833,0
Ko Shibasaki,7,4
Ko Sung-hee,834,0
Kohsuke Toriumi,35,52
Koki Uchiyama,35,42
Koo Hye-sun,835,0
Koshi Mizukami,836,0
Kostja Ullmann,49,4
Kotono Mitsuishi,35,38
Kris Bowers,837,0
Kris Kristofferson,41,4
Krista Allen,0,2
Krista Bridges,41,1
Kristen Bell,8,48
Kristen Connolly,838,0
Kristen Hager,839,0
Kristen Schaal,8,34
Kristen Stewart,101,28
Kristen Wiig,8,65
Kristin Chenoweth,8,13
Kristin Davis,24,4
Kristin Kreuk,840,0
Kristin Scott Thomas,61,3
Kristofer Hivju,5,14
Krithi Shetty,841,0
Kriti Sanon,4,1
Ku Feng,461,2
Kulap Vilaysack,18,5
Kunal Nayyar,8,10
Kurt Fuller,0,8
Kurt Russell,5,43
Kurtwood Smith,842,0
Kwak Dong-yeon,196,1
Kwon Hae-hyo,196,3
Kyla Pratt,843,0
Kyle MacLachlan,24,13
Kyoko Hikami,35,1
Kyra Sedgwick,6,2
Laetitia Casta,63,1
Lainie Kazan,101,4
Lake Bell,18,9
Lana Parrilla,844,0
Lana Turner,24,1
Lara Flynn Boyle,845,0
Lara Gilchrist,846,0
Lara Pulver,6,1
Lara Robinson,847,0
Laraine Newman,18,67
Larry Charles,848,0
Larry Miller,24,8
Lars von Trier,24,8
Lashana Lynch,28,20
Laura Benanti,24,3
Laura Dern,24,48
Laura Fraser,849,0
Laura Harring,237,2
Laura Linney,28,6
Laura Marano,850,1
Laura Morante,63,2
Laura Prepon,851,0
Laura Ramsey,852,0
Laura San Giacomo,853,0
Laura Slade Wiggins,854,0
Laura Soltis,75,4
Laura Spencer,855,0
Laure Calamy,63,4
Laure Marsac,856,0
Lauren Ambrose,857,0
Lauren Bacall,24,28
Lauren Cohan,28,6
Lauren Holly,75,3
Lauren Lapkus,8,12
Lauren Ridloff,8,9
Laurence Fishburne,24,32
Laurene Landon,8,2
Laurie Holden,28,6
Lauro David Chartrand-DelValle,0,2
Laz Alonso,858,1
Leah Cairns,206,2
Leah Pipes,859,0
Leah Remini,860,0
Lee Byung-hun,196,3
Lee Chung-ah,196,1
Lee Dong-wook,861,0
Lee Eun-mi,532,4
Lee Evans,862,0
Lee Grant,24,3
Lee Han-wi,196,3
Lee Hee-jun,196,9
Lee Hyun-wook,863,0
Lee Ingleby,864,0
Lee J. Cobb,865,0
Lee Jae-wook,866,0
Lee Jong-suk,867,0
Lee Joon-gi,868,0
Lee Ju-bin,869,0
Lee Jun-ho,870,0
Lee Jun-young,871,0
Lee Kwang-soo,196,2
Lee Lik-Chi,872,0
Lee Majors,873,0
Lee Marvin,24,5
Lee Min-ho,874,0
Lee Re,196,1
Lee Sang-hee,196,2
Lee Seung-gi,875,0
Lee Seung-joon,196,3
Lee Tergesen,876,0
Lee Tockar,18,4
Lee Yi-kyung,196,1
Leelee Sobieski,877,0
Leighton Meester,8,7
Lena Headey,5,16
Lennie James,28,6
Lenny Kravitz,41,17
Leo Rossi,878,0
Leo Wu,879,0
Leon Lai,7,1
Leon Russom,880,0
Leonard Nimoy,18,11
Leonardo DiCaprio,24,34
Leonardo Nam,351,2
Leonor Varela,881,0
Leonor Watling,882,0
Lesley Manville,61,8
Lesley Sharp,883,0
Lesley-Ann Brandt,884,0
Lesley-Anne Down,0,1
Leslie Bibb,8,7
Leslie Caron,885,0
Leslie Easterbrook,0,3
Leslie Hope,886,0
Leslie Phillips,887,0
Letitia Wright,28,37
Letizia Toni,888,0
Leven Rambin,41,11
Levy Tran,0,3
Lewis Black,8,14
Lewis Fitz-Gerald,889,0
Lexa Doig,101,1
Leïla Bekhti,63,8
Li Bingbing,41,9
Liam Cunningham,5,19
Liam Hemsworth,41,23
Liam Neeson,6,54
Liana Liberato,41,4
Liev Schreiber,63,24
Lil Rel Howery,8,9
Lili Reinhart,24,1
Lili Taylor,24,3
Lilli Palmer,890,0
Lilly Krug,24,1
Lily Collins,41,3
Lily Franky,7,9
Lily Gao,891,0
Lily Newmark,892,0
Lily Rabe,206,3
Lily Tomlin,24,9
Lily-Rose Depp,24,5
Lim Ji-yeon,893,0
Lim Soo-jung,196,1
Lin Gengxin,894,0
Lina El Arabi,895,0
Lina Esco,896,0
Linda Blair,0,4
Linda Cardellini,28,36
Linda Hamilton,24,5
Linda Harrison,897,0
Linda Hunt,898,0
Linden Ashby,899,0
Lindsay Hartley,900,0
Lindsay Pulsipher,901,0
Lindsay Wagner,902,0
Lindsey Morgan,903,0
Lindy Booth,904,0
Lino Ventura,63,1
Linus Roache,905,0
Lionel Richie,8,6
Lior Ashkenazi,906,0
Lisa Berry,101,3
Lisa Emery,907,0
Lisa Kudrow,8,22
Lisa Roberts Gillan,24,5
LisaGay Hamilton,206,3
LisaRaye McCoy,908,0
Liu Haocun,909,0
Liv Tyler,24,3
Liz White,910,0
Liza Koshy,28,1
Liza Weil,911,0
Lizze Broadway,75,1
Lizzie Brocheré,28,1
Lizzy Caplan,8,7
Lloyd Bridges,912,0
Lloyd Kaufman,0,35
Logan Kim,8,6
Logan Lerman,206,4
Logan Marshall-Green,28,15
Logan Miller,41,1
Lola Falana,913,0
Lola Flanery,914,0
Lola Glaudini,915,0
Loles León,916,0
Loletta Lee,917,0
Lon Chaney Jr.,918,0
Lorenzo Lamas,0,9
Lorenzo Zurzolo,919,0
Loretta Devine,0,4
Lorraine Toussaint,28,1
Lotte Verbeek,920,0
Lou Diamond Phillips,7,6
Louis C.K.,8,17
Louis Hofmann,49,2
Louis Koo,7,11
Louis Partridge,61,3
Louise Bourgoin,63,3
Louise Brealey,61,5
Louise Fletcher,921,0
Lucas Black,5,10
Lucas Gregorowicz,49,3
Lucas Jade Zumann,922,0
Luchino Visconti,24,2
Lucie Guest,75,4
Lucien Laviscount,923,0
Lucy Boynton,61,2
Lucy Cohu,924,0
Lucy Gaskell,925,0
Lucy Gutteridge,926,0
Lucy Hale,13,1
Lucy Lawless,927,0
Lucy Liu,18,25
Lucy Punch,8,13
Ludacris,5,22
Luis Guzmán,8,14
Luis Zahera,139,3
Luisa d'Oliveira,75,2
Lukas Haas,6,6
Luke Benward,928,0
Luke Bracey,61,2
Luke Goss,0,7
Luke Grimes,206,8
Luke Ishikawa Plowden,929,0
Luke Perry,5,1
Luna Lauren Velez,8,9
Lyna Khoudri,63,6
Lynda Boyd,75,3
Lyndsy Fonseca,24,4
Lynn Collins,24,1
Lynn Whitfield,8,2
M. Emmet Walsh,24,3
M. Night Shyamalan,6,4
Ma Dong-seok,196,27
Maaya Sakamoto,35,57
Mac Brandt,28,3
Macaulay Culkin,28,4
Mace Coronel,579,4
Mackenyu,7,6
Mackenzie Foy,101,16
Maddie Ziegler,930,0
Madelaine Petsch,931,0
Madeleine Stowe,932,0
Madeleine Yuna Voyles,8,2
Madeline Zima,18,3
Madelyn Cline,933,0
Madhuri Dixit,4,1
Madison Davenport,934,0
Madison Iseman,8,4
Madison McKinley,6,1
Madison Pettis,18,8
Madolyn Smith Osborne,935,0
Mads Mikkelsen,24,13
Mads Sjøgård Pettersen,936,0
Mae Whitman,18,33
Magdalena Lamparska,123,3
Maggie Cheung,937,0
Maggie Gyllenhaal,6,4
Maggie Lawson,0,7
Maggie Q,6,12
Maggie Siff,938,0
Maggie Smith,61,20
Maggie Steed,61,3
Maggie Wheeler,939,0
Mahershala Ali,41,26
Maiara Walsh,940,0
Maika Monroe,41,3
Maisie Williams,5,11
Maite Perroni,941,0
Majel Barrett,942,0
Malachi Barton,943,0
Malcolm McDowell,18,47
Malcolm-Jamal Warner,944,0
Malin Åkerman,24,11
Malina Weissman,945,0
Mallika Sherawat,946,0
Mami Koyama,35,11
Mamie Van Doren,947,0
Mamoru Miyano,35,61
Mandeep Dhillon,948,0
Mandy Patinkin,24,5
Manfred Wong Man-Chun,949,0
Manju Warrier,4,1
Manu Ríos,950,0
Manuel Garcia-Rulfo,24,4
Manuela Velasco,951,0
Mao Ichimichi,35,46
Mara Wilson,952,0
Marc Menchaca,953,0
Marc Singer,954,0
Marcus Rosner,75,7
Mare Winningham,955,0
Margaret Blye,956,0
Margaret Colin,957,0
Margaret Qualley,28,1
Margo Stilley,61,2
Margot Robbie,61,24
Maria Bello,8,8
Maria Dizzia,6,3
Maria Grazia Cucinotta,958,0
Maria Kulle,959,0
Maria de Medeiros,63,6
Mariana Treviño,24,3
Marianne Jean-Baptiste,960,0
Marie Avgeropoulos,75,4
Mariel Hemingway,0,3
Mariette Hartley,961,0
Marin Ireland,43,2
Marina Foïs,63,7
Marina Inoue,35,48
Marina Sirtis,18,6
Marina Vlady,962,0
Mario Van Peebles,0,2
Marion Cotillard,6,46
Marisa Mell,963,0
Marisa Quinn,964,0
Marisa Tomei,28,49
Mariska Hargitay,8,2
Marisol Nichols,965,0
Mariya Ise,35,67
Mark Addy,61,1
Mark Bonnar,61,1
Mark Boone Junior,0,3
Mark Dacascos,0,12
Mark Hamill,18,57
Mark Harmon,966,0
Mark Pellegrino,63,1
Mark Rendall,967,0
Mark Ruffalo,28,70
Mark Strong,61,36
Mark Wahlberg,41,39
Mark Williams,61,23
Mark-Paul Gosselaar,968,0
Marla Gibbs,0,2
Marla Sokoloff,969,0
Marleen Lohse,49,1
Marlene Dietrich,24,7
Marlene Favela,970,0
Marley Shelton,13,6
Marnette Patterson,971,0
Marshall Allman,0,1
Marshall Bell,0,5
Marthe Keller,972,0
Martin Compston,6,4
Martin Freeman,61,29
Martin Henderson,75,4
Martin Kove,0,9
Martin Landau,0,1
Martin Lawrence,8,3
Martin Sheen,28,23
Martin Short,8,31
Martin Wallström,5,3
Marton Csokas,63,3
Marty Feldman,973,0
Mary Elizabeth Winstead,63,10
Mary Holland,8,5
Mary Jo Catlett,18,2
Mary Jo Deschanel,974,0
Mary McDonnell,975,0
Mary Pickford,976,0
Mary Steenburgen,24,9
Mary Stuart Masterson,977,0
Mary-Louise Parker,41,6
María Conchita Alonso,978,0
María Gabriela de Faría,979,0
María de Nati,139,2
Masaki Okada,7,6
Masaki Suda,7,13
Masami Nagasawa,7,12
Mathieu Amalric,63,33
Mathieu Kassovitz,61,3
Mathilda May,980,0
Matilda Lutz,981,0
Matilda Ziegler,982,0
Matt Bomer,7,10
Matt Damon,28,76
Matt Dillon,28,3
Matt Frewer,75,2
Matt Jones,8,8
Matt Long,983,0
Matt Nolan,28,8
Matt O'Leary,984,0
Matt Passmore,985,0
Matt Salinger,986,0
Matt Smith,61,8
Matt Walsh,8,19
Matt Winston,0,5
Matthew Broderick,6,7
Matthew Davis,987,0
Matthew Fox,988,0
Matthew Gray Gubler,18,10
Matthew Lawrence,989,0
Matthew Libatique,8,2
Matthew Macfadyen,61,1
Matthew McConaughey,6,33
Matthew Modine,6,13
Matthew Morrison,8,3
Matthew Perry,8,5
Matthew Rauch,990,0
Matthew Settle,991,0
Matthias Schweighöfer,49,11
Maura Tierney,992,0
Maureen O'Sullivan,993,0
Maurice Bénichou,994,0
Max Greenfield,8,6
Max Martini,206,11
Max Riemelt,995,0
Max Thieriot,996,0
Maxine Peake,281,1
Maya Angelou,997,0
Mayim Bialik,998,0
Mayumi Tanaka,35,28
Maïwenn,63,2
Mckenna Grace,8,11
Meagan Good,28,12
Meaghan Rath,999,0
Meg Donnelly,7,7
Meg Foster,18,1
Meg Ryan,24,2
Megan Boone,1000,0
Megan Follows,1001,0
Megan Hilty,18,6
Megan Park,1002,0
Meghan Heffern,75,1
Meghan Trainor,8,2
Megumi Han,35,40
Megumi Toyoguchi,35,27
Mel Ferrer,1003,0
Mel Gibson,24,30
Melanie Griffith,61,2
Melinda Dillon,1004,0
Melisa Döngel,1005,0
Melisa Sözen,1006,0
Melissa Barrera,13,3
Melissa Benoist,24,10
Melissa Fumero,1007,0
Melissa George,1008,0
Melissa Joan Hart,8,3
Melissa McBride,1009,0
Melissa O'Neil,1010,0
Melissa Peterman,18,3
Mena Suvari,24,2
Mercedes Müller,49,3
Meredith Salenger,18,9
Meret Becker,1011,1
Mert Ramazan Demir,1012,0
Mert Yazıcıoğlu,1013,0
Meryl Streep,24,82
Method Man,8,18
Mia Farrow,1014,0
Mia Kirshner,1015,0
Mia Serafino,8,5
Mia Wasikowska,6,13
Micaela Ramazzotti,63,5
Michael B. Jordan,28,18
Michael Bay,41,10
Michael Beach,24,13
Michael Biehn,0,1
Michael Bowen,0,2
Michael Buscemi,8,2
Michael Caine,6,39
Michael Cera,8,20
Michael Chan,1016,0
Michael Chiklis,8,4
Michael Clarke Duncan,1017,0
Michael Conner Humphreys,1018,0
Michael Cyril Creighton,13,4
Michael DeLorenzo,1019,0
Michael Dorn,18,13
Michael Douglas,24,56
Michael Ealy,8,4
Michael Emerson,18,12
Michael Fassbender,6,28
Michael Gambon,61,49
Michael Goi,1020,0
Michael Hickenbottom,0,8
Michael J. Fox,24,24
Michael Jackson,8,10
Michael Jai White,0,20
Michael Jeter,1021,0
Michael Landon,1022,0
Michael Madsen,0,32
Michael Mando,1023,0
Michael Mann,6,1
Michael McKean,18,24
Michael Nouri,1024,0
Michael O'Keefe,1025,0
Michael O'Neill,28,1
Michael Palin,18,4
Michael Paré,0,26
Michael Pitt,6,2
Michael Rady,75,1
Michael Rapaport,8,2
Michael Reilly Burke,0,1
Michael Rooker,28,31
Michael Shanks,0,3
Michael Shannon,24,34
Michael Sheen,101,35
Michael Welch,101,11
Michael Wincott,28,1
Michel Qissi,0,1
Michele Morrone,123,2
Michele Placido,63,4
Michelle Borth,1026,0
Michelle Dockery,61,8
Michelle Fairley,61,8
Michelle Jenner,1027,0
Michelle Johnston,1028,0
Michelle Keegan,1029,0
Michelle Monaghan,41,8
Michelle Trachtenberg,24,4
Michelle Williams,8,10
Michelle Yeoh,7,19
Michèle Mercier,1030,0
Mickey Rooney,24,1
Mickey Rourke,0,22
Miguel Ferrer,8,5
Miguel Herz-Kestranek,1031,0
Miguel Sandoval,49,1
Mika Boorem,1032,0
Mika Doi,35,11
Mika Kanai,35,18
Mikako Ichikawa,7,2
Mikako Komatsu,35,48
Mike Angelo,1033,0
Mike Colter,8,1
Mike Dopud,6,28
Mike Faist,1034,0
Mike Farrell,1035,0
Mike Tyson,8,15
Mike Vogel,1036,0
Mikołaj Roznerski,123,1
Mila Kunis,18,20
Milana Vayntrub,18,4
Milena Radulović,1037,0
Miles Teller,6,12
Milla Jovovich,6,11
Millie Bobby Brown,61,3
Millie Brady,1038,0
Milo Manheim,7,1
Milos Bikovic,1039,0
Mimi Rogers,1040,0
Mimosa Willamo,1041,0
Min Do-yoon,532,7
Minami Hamabe,7,10
Ming-Na Wen,28,16
Minnie Driver,5,5
Miranda Cosgrove,8,16
Miranda Otto,28,1
Miranda Rae Mayo,1042,0
Miranda Raison,61,6
Miranda Richardson,61,2
Miray Daner,1043,0
Miriam Colon,1044,0
Miriam Margolyes,61,16
Miriam Shor,1045,0
Missy Peregrym,1046,0
Mitch Pileggi,1047,0
Mithun Chakraborty,4,2
Miya Cech,1048,0
Miyu Irino,35,59
Miyuki Sawashiro,35,74
Mo'Nique,1049,0
Moeka Hoshi,1050,0
Moemi Katayama,7,1
Molly C. Quinn,28,14
Molly Ephraim,0,1
Molly Hagan,206,2
Molly Kunz,1051,0
Molly Parker,49,2
Molly Ringwald,6,3
Momo Asakura,35,8
Momona Tamada,7,2
Monet Mazur,1052,0
Monica Barbaro,1053,0
Monica Bellucci,61,8
Monica Raymund,1054,0
Monique Ganderton,28,34
Monique Parent,1055,0
Montgomery Clift,24,3
Morena Baccarin,6,17
Morgan Fairchild,24,1
Morgan Freeman,6,49
Morgan Saylor,1056,0
Morgan Spector,8,1
"Morton Downey, Jr.",1057,0
Mr. T,0,6
Mrunal Thakur,1058,0
Mun Ka-young,1059,0
Murat Yildirim,1060,0
Murathan Muslu,1061,0
Murray Matheson,1062,0
Mutsumi Tamura,35,43
MyAnna Buring,101,16
Myha’la,28,1
Mylène Demongeot,63,2
Mãdãlina Ghenea,1063,0
Mädchen Amick,1064,0
Mélanie Thierry,63,3
Mía Maestro,101,13
Mónica Cruz,1065,0
Nadia Hilker,1066,0
Najwa Nimri,1067,0
Nam Joo-hyuk,1068,0
Nana Mizuki,35,58
Nana Visitor,18,8
Nancy Allen,0,4
Nancy Carroll,61,1
Nancy Travis,1069,0
Nao Omori,7,9
Naomi Ohzora,35,8
Naomi Watts,6,24
Naresh Agastya,1070,0
Nassim Lyes,157,1
Nastassja Kinski,1071,0
Nat Faxon,8,7
Natalia Cigliuti,1072,0
Natalia Dyer,1073,0
Natalia Oreiro,1074,0
Natalia Tena,61,17
Natalie Krill,1075,0
Natalie Morales,8,2
Natalie Portman,28,33
Natalie Wood,24,3
Natascha McElhone,6,1
Natasha Calis,1076,0
Natasha Culzac,61,1
Natasha Henstridge,0,2
Natasha Liu Bordizzo,1077,0
Natasha O'Keeffe,1078,0
Nathalie Emmanuel,5,34
Nathalie Kelley,8,1
Nathan Fillion,28,37
Nathaniel Parker,1079,0
Natsuki Hanae,35,52
Nava Mau,1080,0
Naveen Andrews,1081,0
Navin Chowdhry,1082,0
Nayanthara,4,2
Naz Çağla Irmak,1083,0
Neal McDonough,18,12
Ned Dennehy,61,13
Neeru Bajwa,1084,0
Neil Flynn,7,1
Neil Patrick Harris,18,30
Neil Sandilands,1085,0
Nell Tiger Free,1086,0
Nesta Cooper,1087,0
Nestor Carbonell,6,8
Neve Campbell,13,9
Nia Vardalos,101,4
Niamh Cusack,6,2
Nicholas Braun,206,9
Nicholas D'Agosto,6,2
Nicholas Galitzine,1088,0
Nicholas Guest,18,5
Nicholas Hammond,1089,0
Nicholas Hoult,6,32
Nick Bateman,0,2
Nick Cannon,8,1
Nick Chinlund,1090,0
Nick Frost,61,24
Nick Nolte,6,8
Nick Offerman,8,50
Nick Swardson,8,24
Nick Tate,1091,0
Nick Zano,1092,0
Nicki Clyne,1093,0
Nico Locco,1094,0
Nicola Walker,1095,0
Nicolas Cage,24,19
Nicole Kidman,24,32
Nicole Oliver,18,10
Nicole Sullivan,18,9
Nicole Wallace,1096,0
Nicole de Boer,101,1
Niecy Nash-Betts,18,3
Nika Futterman,18,24
Nikita Kologrivyy,1097,0
Nikki Cox,1098,0
Nikki DeLoach,75,4
Nikki Griffin,1099,0
Nikki Reed,101,19
Nikolaj Coster-Waldau,5,12
Nina Dobrev,8,4
Nina Hoss,1100,0
Nina Sosanya,61,2
Noah Baumbach,1101,0
Noah Centineo,7,6
Noah Emmerich,6,1
Noah Taylor,61,4
Nobuhiko Okamoto,35,39
Nobuo Tobita,35,36
Noel Fielding,61,2
Noel Fisher,8,2
Noel Gugliemi,0,14
Nolan Gerard Funk,13,2
Nolan North,18,37
Nora Arnezeder,0,1
Nora Miao,1102,0
Nora-Jane Noone,61,1
Norman Reedus,28,15
Noureen DeWulf,8,1
Nozomi Yamamoto,35,18
Noémie Merlant,1103,0
Obba Babatundé,0,1
Octavia Spencer,6,31
Odeya Rush,61,2
Oh Jung-se,196,6
Oh Na-ra,196,3
Oh Yeon-seo,1104,0
Okieriete Onaodowan,8,2
Oktay Kaynarca,1105,0
Ola Rapace,24,1
Olesya Rulin,1106,0
Olga Kurylenko,61,10
Oliver Hudson,13,1
Oliver Pocher,1107,0
Oliver Stone,24,8
Olivia Cheng,655,1
Olivia Colman,61,15
Olivia Cooke,1108,0
Olivia Munn,8,31
Olivia Newton-John,24,2
Olivia Rodrigo,8,1
Olivia Scott Welch,13,4
Olivia Taylor Dudley,1109,0
Olivia Thirlby,8,12
Olivia Wilde,8,27
Olivia Williams,61,6
Olivia de Havilland,1110,0
Omar Epps,1111,0
Omar Sharif,1112,0
Omar Sy,61,7
Ona Grauer,75,4
Onni Tommila,1113,0
Onur Tuna,1114,0
Oona Chaplin,63,1
Oprah Winfrey,28,37
Orla Brady,1115,0
Orlando Bloom,61,10
Ornella Muti,0,1
Orson Welles,24,17
Oscar Isaac,61,48
Owain Yeoman,1116,0
Owen Teague,6,7
Owen Teale,101,2
Owen Wilson,63,31
P.J. Byrne,8,12
P.J. Soles,18,12
Pablo Derqui,1117,0
Pablo Schreiber,1118,0
Paddy Considine,61,7
Paget Brewster,18,12
Pam Grier,24,13
Pamela Adlon,18,12
Paola Lázaro,1119,0
Paola Nuñez,1120,0
Paolo Villaggio,1121,0
Park Bo-gum,1122,0
Park Bo-young,1123,0
Park Byung-eun,256,1
Park Eun-hye,1124,0
Park Hae-jin,1125,0
Park Hee-soon,196,5
Park Ji-hwan,196,10
Park Jin-joo,1126,0
Park Min-young,1127,0
Park So-dam,196,3
Park Sung-hoon,1128,0
Parker McKenna Posey,1129,0
Parker Posey,24,4
Pasha D. Lychnikoff,1130,0
Pat Benatar,1131,0
Pat Morita,0,2
Paterson Joseph,1132,0
Patricia Charbonneau,1133,0
Patricia Clarkson,5,16
Patricia Heaton,5,1
Patricia Kalember,1134,0
Patricia Routledge,1135,0
Patricia Wettig,1136,0
Patrick Baladi,1137,0
Patrick Breen,61,1
Patrick Dempsey,61,3
Patrick Fabian,24,8
Patrick Heusinger,1138,0
Patrick Kilpatrick,0,6
Patrick Malahide,1139,0
Patrick McGoohan,1140,0
Patrick Stewart,18,33
Patrick Swayze,1141,0
Patrick Wayne,1142,0
Patrick Wilson,24,22
Patsy Kensit,1143,0
Patton Oswalt,18,42
Paul Adelstein,1144,0
Paul Anderson,6,3
Paul Bates,1145,0
Paul Bettany,28,38
Paul Blackthorne,1146,0
Paul Calderon,1147,0
Paul Dano,8,9
Paul Giamatti,28,30
Paul Greene,75,2
Paul Guilfoyle,63,1
Paul Haggis,1148,0
Paul Heyman,0,6
Paul Hogan,1149,0
Paul Kaye,101,3
Paul McCrane,1150,0
Paul Newman,24,9
Paul Reiser,8,4
Paul Rudd,28,91
Paul Schneider,8,2
Paul W. S. Anderson,6,2
Paul Walker,5,10
Paul Walter Hauser,8,3
Paul Wesley,1151,0
Paula Garcés,1152,0
Paula Malcomson,41,19
Paula Patton,858,1
Paula Prentiss,1153,0
Paula Shaw,18,2
Pauley Perrette,1154,0
Pauline Moran,1155,0
Paz Vega,139,3
Paz de la Huerta,0,1
Pedro Alonso,139,1
Pedro Pascal,61,3
Penelope Ann Miller,63,5
Penn Badgley,28,7
Penny Johnson Jerald,1156,0
Penélope Cruz,61,10
Percy Hynes White,41,2
Perdita Weeks,1157,0
Peri Baumeister,49,2
Perla Haney-Jardine,0,1
Perry King,1158,0
Pete Davidson,28,23
Pete Postlethwaite,1159,0
Peter Berg,41,3
Peter Cullen,41,17
Peter Cushing,0,1
Peter DeLuise,1160,0
Peter Egan,1161,0
Peter Facinelli,101,20
Peter Fieseler,1162,0
Peter Fonda,1163,0
Peter Franzén,1164,0
Peter Haber,5,3
Peter Jackson,61,18
Peter Jason,24,7
Peter Krause,1165,0
Peter Lawford,24,3
Peter MacNicol,1166,0
Peter Mullan,6,5
Peter Murnik,1167,0
Peter O'Toole,24,5
Peter Onorati,1168,0
Peter Outerbridge,1169,0
Peter Riegert,1170,0
Peter Scanavino,1171,0
Peter Sellers,1172,0
Peter Stormare,41,12
Peter Strauss,1173,0
Peter Weller,18,12
Petra Mede,1174,0
Petra Morzé,1175,0
Peyton List,1176,0
Phil Davis,61,4
Philip Baker Hall,206,2
Philip Rosenthal,1177,0
Philip Seymour Hoffman,41,17
Philippe Lacheau,63,3
Philippe Leroy,1178,0
Philippe Noiret,1179,0
Phill Lewis,1180,0
Phoebe Cates,1181,0
Phoebe Dynevor,1182,0
Phoebe Tonkin,41,1
Phoebe Waller-Bridge,24,5
Phyllida Law,1183,0
Phyllis Logan,61,6
Phénix Brossard,1184,0
Pierce Brosnan,61,12
Pierfrancesco Favino,63,5
Pierre Boulanger,1185,0
Pierre Coffin,8,18
Pio Marmaï,63,11
Pip Torrens,61,10
Piper Perabo,1186,0
Pippa Bennett-Warner,1187,0
Pippa Scott,1188,0
Polly Shannon,1189,0
Polly Walker,1190,0
Pollyanna McIntosh,0,1
Pom Klementieff,28,55
Portia Doubleday,6,2
Powers Boothe,8,1
Prakash Raj,4,11
Preity Zinta,1191,0
Priscilla Presley,24,2
Priyanka Chopra Jonas,4,11
Pruitt Taylor Vince,0,1
Pınar Deniz,1192,0
Quentin Tarantino,24,35
Quintessa Swindell,7,3
R. Parthiban,4,3
RJ Mitte,8,1
RZA,8,4
Rachael Harris,43,8
Rachael Leigh Cook,75,5
Rachael Stirling,6,2
Rachael Taylor,8,1
Rachel Brosnahan,1193,0
Rachel Hayward,75,3
Rachel Hilson,1194,0
Rachel House,28,4
Rachel Hurd-Wood,1195,0
Rachel McAdams,28,17
Rachel Miner,1196,0
Rachel Nichols,28,1
Rachel Riley,1197,0
Rachel Sennott,1198,0
Rachel Ticotin,1199,0
Rachelle Lefevre,1200,0
Rade Šerbedžija,8,1
Radha Mitchell,6,8
Rafe Spall,28,7
Raffey Cassidy,1201,0
Rainer Reiners,49,4
Rajpal Yadav,4,3
Ralf Little,61,1
Ralph Brown,61,3
Ralph Fiennes,61,75
Rami Malek,61,12
Rance Howard,0,3
Randall Batinkoff,6,2
Randall Park,8,52
Rani Mukerji,4,3
Rashida Jones,8,33
Rattanawadee Wongtong,1202,0
Raveena Tandon,4,1
Ray Galletti,1203,0
Ray Liotta,18,15
Ray Romano,24,9
Ray Stevenson,28,27
Ray Wise,0,17
Raymond Burr,1204,0
Raymond Thiry,489,2
Reba McEntire,8,3
Rebecca Budig,1205,0
Rebecca De Mornay,24,14
Rebecca Ferguson,28,16
Rebecca Gayheart,0,1
Rebecca Hall,8,8
Rebecca Rittenhouse,1206,0
Rebecca Staab,75,2
Rebecca Wisocky,1207,0
Rebel Wilson,8,12
Reed Diamond,1208,0
Reese Witherspoon,6,28
Regina King,24,3
Reign Edwards,1209,0
Reiko Aylesworth,1210,0
Reina Kondo,1211,0
Reina Ueda,35,24
Remy Hii,1212,0
Renate Reinsve,1213,0
Rene Russo,28,14
Renee O'Connor,1214,0
Renny Harlin,0,4
Renée Taylor,1215,0
Retta,8,7
Rex Linn,6,2
Rhea Seehorn,1216,0
Rhen Escaño,1217,0
Rhona Mitra,1218,0
Rhys Darby,8,10
Rhys Ifans,28,27
Ricardo Chavira,1219,0
Ricardo Darín,139,2
Riccardo Scamarcio,63,9
Richard Armitage,61,13
Richard Benjamin,24,2
Richard Chamberlain,1220,0
Richard Dreyfuss,24,17
Richard E. Grant,61,26
Richard Gadd,1221,0
Richard Harmon,75,3
Richard Harris,1222,0
Richard Jenkins,24,23
Richard Kind,8,14
Richard Linklater,24,7
Richard Madden,8,8
Richard Masur,1223,0
Richard Pryor,24,5
Richard Riehle,0,12
Richard Roxburgh,61,8
Richard Schiff,7,5
Richard Speight Jr.,0,1
Richard Steven Horvitz,18,3
Richard T. Jones,7,2
Richard Thomas,1224,0
Rick Hoffman,1225,0
Rick Moranis,1226,0
Rick Overton,8,7
Rick Yune,1227,0
Ricky Gervais,8,9
Ricky Schroder,85,1
Ricky Ullman,1228,0
Ricky Whittle,1229,0
Rie Takahashi,35,35
Rihito Itagaki,1230,0
Riho Yoshioka,1231,0
Rila Fukushima,18,3
Rina Sato,35,34
Rip Torn,1232,0
Risa Shimizu,35,8
Risae Matsuda,35,2
Rita Ora,206,7
Roald Dahl,1233,0
Rob Huebel,8,26
Rob Lowe,8,13
Rob Paulsen,18,43
Rob Schneider,8,12
Rob Stewart,101,3
Robert Baker,1234,0
Robert Carlyle,61,1
Robert Carradine,0,2
Robert Clohessy,28,2
Robert Costanzo,1235,0
Robert Culp,1236,0
Robert Davi,0,19
Robert De Niro,24,85
Robert Downey Jr.,28,63
Robert Duvall,24,23
Robert Englund,0,18
Robert Forster,8,27
Robert Gossett,1237,0
Robert Knepper,41,19
Robert Loggia,0,7
Robert Mitchum,1238,0
Robert Montgomery,1239,0
Robert Patrick,0,9
Robert Pugh,61,2
Robert Redford,28,47
Robert Rodriguez,0,2
Robert Sean Leonard,1240,0
Robert Shaw,1241,0
Robert Taylor,1242,0
Robert Towne,1243,0
Robert Vaughn,1244,0
Robert Wagner,24,4
Robert Wisdom,1245,0
Robert Zemeckis,24,8
Robin Givens,8,1
Robin Shou,0,4
Robin Williams,24,35
Robyn Lively,1246,0
Rodney A. Grant,1247,0
Rodrigo Santoro,8,8
Rodrigo de la Serna,1248,0
Roger Bart,18,1
Roger Cross,24,3
Roger Guenveur Smith,24,2
Roger Moore,61,8
Roh Jeong-eui,1249,0
Rolf Lassgård,49,1
Romeo Miller,0,3
Romi Park,35,42
Romola Garai,1250,0
Romy Schneider,63,3
Ron Eldard,1251,0
Ron Funches,8,23
Ron Howard,24,14
Ron Livingston,18,18
Ron Moody,1252,0
Ron Yuan,41,1
Ronda Rousey,0,14
Ronni Hawk,1253,0
Ronny Cox,1254,0
Rooney Mara,8,21
Rory Culkin,6,2
Rory J. Saper,1255,0
Rory Kinnear,61,24
Rory McCann,5,11
Rosa Salazar,5,8
Rosabell Laurenti Sellers,1256,0
Rosalind Ayres,1257,0
Rosalind Chao,1258,0
Rosamund Pike,61,15
Rosario Dawson,24,51
Rose Abdoo,8,8
Rose Byrne,8,39
Rose McGowan,13,7
Rose McIver,28,2
Rosemarie DeWitt,6,8
Rosemary Harris,1259,0
Ross Butler,28,10
Ross Mathews,6,1
Ross McCall,24,1
Rossif Sutherland,41,3
Rowan Atkinson,61,1
Roy Dupuis,63,7
RuPaul,6,4
Ruby O. Fee,49,1
Ruby Rose,6,2
Rudy Pankow,1260,0
Rufus Sewell,6,3
Rukiya Bernard,75,7
Rumer Willis,1261,0
Rumi Hiiragi,1262,0
Rupert Friend,63,9
Rupert Graves,61,8
Rupert Grint,61,23
Russ Tamblyn,1263,0
Ruta Lee,1264,0
Rutger Hauer,0,6
Rya Kihlstedt,1265,0
Ryan Eggold,6,5
Ryan Gosling,28,15
Ryan Kelley,1266,0
Ryan Phillippe,8,4
Ryan Reynolds,6,39
Ryan Stiles,28,1
Ryohei Kimura,35,26
Ryohei Suzuki,7,4
Ryoko Shinohara,1267,0
Ryoko Shintani,35,6
Ryoko Shiraishi,35,23
Ryosuke Yamada,7,3
Ryota Iwasaki,35,5
Ryota Osaka,35,47
Ryotaro Okiayu,35,37
Ryunosuke Kamiki,7,16
Ryusei Nakao,35,8
Ryusei Yokohama,35,13
S. Epatha Merkerson,1268,0
Sab Shimono,1269,0
Sabrina Grdevich,1270,0
Sacha Baron Cohen,6,9
Sadie Calvano,1271,0
Sadie Sandler,8,23
Sae Bom,532,3
Sagamore Stévenin,1272,0
Saki Fujita,35,30
Sally Hawkins,61,13
Sally Struthers,1273,0
Salma Hayek Pinault,8,27
Salman Khan,4,7
Salvador Dalí,1274,0
Sam Claflin,41,27
Sam Douglas,1275,0
Sam Elliott,8,5
Sam Jaeger,8,1
Sam Neill,28,25
Sam Reid,1276,0
Sam Rockwell,8,18
Sam Shepard,24,5
Sam Waterston,1277,0
Sam Worthington,24,15
Samantha Bond,61,1
Samantha Ferris,75,2
Samantha Morton,63,5
Samantha Womack,61,3
Samara Weaving,13,2
Sammo Hung,7,7
Samuel Finzi,49,11
Samuel L. Jackson,28,148
Samy Naceri,41,2
Samyuktha Viola Viswanathan,1278,0
Sanaa Lathan,1279,0
Sanae Kobayashi,35,12
Sandra Bernhard,24,3
Sandra Bullock,8,7
Sandra Dickinson,1280,0
Sandra Oh,41,3
Sandrine Holt,1281,0
Saoirse Ronan,63,17
Sara Forestier,63,2
Sara Gilbert,1282,0
Sara Malakul Lane,0,3
Sara Mortensen,1283,0
Sara Paxton,1284,0
Sara Rue,1285,0
Sara Tomko,0,1
Sarah Butler,75,1
Sarah Chalke,1286,0
Sarah Desjardins,75,1
Sarah Drew,747,1
Sarah Gadon,63,6
Sarah Greene,5,1
Sarah Hyland,18,8
Sarah Jessica Parker,24,11
Sarah Jones,1287,0
Sarah Lancashire,63,1
Sarah Lind,0,3
Sarah Parish,1288,0
Sarah Paulson,8,7
Sarah Polley,1289,0
Sarah Rafferty,1290,0
Sarah Shahi,61,1
Sarah Silverman,8,62
Sarah Snook,24,5
Sarah Strange,75,3
Sarah Wayne Callies,28,5
Sarita Choudhury,41,13
Sasha Alexander,1291,0
Sasha Roiz,5,1
Sashleigha Hightower,1292,0
Saskia Reeves,61,4
Saskia Rosendahl,1011,1
Satomi Sato,35,38
Sayaka Ohara,35,53
Sayuri Yahagi,35,16
Scarlett Estevez,41,3
Scarlett Johansson,28,87
Scatman Crothers,1293,0
Scott Adkins,0,13
Scott Adsit,18,5
Scott Bakula,0,1
Scott Caan,28,1
Scott Eastwood,5,10
Scott Foley,13,1
Scott Glenn,1294,0
Scott MacArthur,8,8
Scott MacDonald,1295,0
Scott McCord,1296,0
Scott Michael Campbell,0,1
Scott Porter,8,1
Scott Speedman,63,4
Sea Shimooka,1297,0
Sean Astin,18,21
Sean Connery,24,15
Sean Gunn,28,52
Sean Harris,8,8
Sean Hayes,18,14
Sean Murray,1298,0
Sean O'Bryan,6,5
Sean S. Cunningham,0,11
Sean Young,18,9
Seann William Scott,24,13
Sebastian Croft,61,1
Selena Gomez,8,21
Selim Bayraktar,1299,0
Senta Berger,1300,0
Serinda Swan,1301,0
Serkan Çayoğlu,1302,0
Seth Gabel,0,2
Seth Green,28,65
Seth MacFarlane,18,23
Seth Rogen,8,65
Seung Ha,532,3
Seychelle Gabriel,1303,0
Shailene Woodley,6,13
Shalom Brune-Franklin,1304,0
Shalom Harlow,1305,0
Shameik Moore,8,10
Shane West,1306,0
Shannen Doherty,1307,0
Shannon Elizabeth,24,6
Shannon Whirry,1308,0
Shannyn Sossamon,1309,0
Shaquille O'Neal,8,15
Shari Belafonte,1310,0
Shari Shattuck,1311,0
Sharon Leal,18,1
Shaun Benson,41,1
Shaun Dingwall,1312,0
Shawn Levy,5,1
Shelley Conn,75,6
Shelley Duvall,1313,0
Shelley Winters,24,14
Shemar Moore,24,7
Shia LaBeouf,6,14
Shigeru Chiba,35,35
Shin Dong-mi,196,1
Shin Hye-sun,759,1
Shin Hyun-been,1314,0
Shin Se-kyung,1315,0
Shinji Higuchi,1316,0
Shintaro Asanuma,35,24
Shinya Takahashi,35,16
Shioli Kutsuna,6,16
Shiori Izawa,35,18
Shiri Appleby,1317,0
Shogo Sakata,35,2
Shohreh Aghdashloo,8,1
Shoko Nakagawa,35,17
Show Kasamatsu,1318,0
Showtaro Morikubo,35,47
Shu Qi,7,3
Shun Sugata,7,3
Shuya Sophia Cai,24,2
Sia,61,7
Sibylla Deen,1319,0
Sidney Poitier,24,15
Sienna Guillory,101,2
Sienna Miller,24,4
Sigourney Weaver,24,24
Simon Baker,1320,0
Simon Callow,61,10
Simon Cowell,8,2
Simon Pegg,61,48
Simon Rex,24,1
Simon Verhoeven,1321,0
Simona Tabasco,63,1
Simone Baldasseroni,1322,0
Simu Liu,28,2
Sinbad,8,4
Sinéad Cusack,61,1
Siobhan Williams,1323,0
Sirena Gulamgaus,1324,0
Skai Jackson,18,4
Skandar Keynes,1325,0
Skylar Astin,8,6
Skyler Gisondo,28,8
Skyler Samuels,8,1
Snoop Dogg,8,49
Sofia Black-D'Elia,1326,0
Sofia Helin,1327,0
Sofia Kappel,1328,0
Sofia Milos,1329,0
Sofia Vassilieva,1330,0
Soichiro Hoshi,35,23
Soma Saito,35,21
Son Suk-ku,1331,0
Son Ye-jin,1332,0
Song Geon-hee,1333,0
Song Ha-yoon,1334,0
Song Hye-kyo,7,4
Song Joong-ki,196,1
Song Kang-ho,196,5
Song Seung-heon,1335,0
Sonny Chiba,1336,0
Sonoya Mizuno,61,2
Sonya Cassidy,1337,0
Sophia Bush,1338,0
Sophia Lillis,6,7
Sophia Loren,24,13
Sophie Marceau,1339,0
Sophie Monk,1340,0
Sophie Okonedo,5,2
Sophie Rundle,1341,0
Sophie Thompson,61,4
Sophie Turner,6,8
Sophie Vavasseur,1342,0
Sophie Winkleman,1343,0
Sora Amamiya,35,28
Sosie Bacon,1344,0
Spence Moore II,1345,0
Spencer Garrett,61,5
Spencer Grammer,1346,0
Spencer Locke,1347,0
Spencer Treat Clark,1348,0
Spike Lee,8,6
Stan Lee,28,120
Stana Katic,7,7
Stanley Tucci,41,49
Starletta DuPois,1349,0
Staz Nair,28,5
Stefanie Martini,1350,0
Stefanie Scott,24,2
Stefanie von Pfetten,75,3
Stella Stevens,1351,0
Stellan Skarsgård,28,45
Stephanie Hsu,7,1
Stephanie Nur,1352,0
Stephanie Zimbalist,1353,0
Stephen Amell,765,1
Stephen Baldwin,0,3
Stephen Dorff,41,5
Stephen Fry,61,26
Stephen Graham,6,16
Stephen King,6,8
Stephen Macht,1354,0
Stephen McHattie,6,9
Stephen McKinley Henderson,6,5
Stephen Merchant,8,25
Stephen Rea,63,1
Stephen Root,18,39
Stephen Tobolowsky,18,7
Stephen Ure,61,8
Sterling Holloway,1355,0
Sterling K. Brown,8,5
Steve Carell,8,54
Steve Coogan,8,31
Steve Guttenberg,0,1
Steve Harris,1356,0
Steve Howey,18,1
Steve Martin,8,18
Steve Monroe,1357,0
Steve Zahn,43,6
Steven Bauer,0,15
Steven Berkoff,61,9
Steven Brand,1358,0
Steven Culp,206,1
Steven Mackintosh,61,1
Steven O'Donnell,1359,0
Steven R. McQueen,1360,0
Steven Strait,1361,0
Steven Yeun,28,10
Stockard Channing,1362,0
Storm Reid,18,1
Stuart Martin,28,5
Stéphane Audran,1363,0
Suhas,1364,0
Sumi Shimamoto,35,11
Sumire Uesaka,35,31
Summer Glau,1365,0
Sun Li,1366,0
Sundar C,1367,0
Sung Kang,5,14
Suniel Shetty,4,1
Sunny Sandler,8,24
Supaporn Malisorn,1368,0
Susan Buckner,1369,0
Susan Lynch,1370,0
Susan Oliver,1371,0
Susan Sarandon,8,26
Susan Walters,1372,0
Susan Ward,1373,0
Susannah Harker,1374,0
Susie Abromeit,0,1
Suzy Nakamura,1375,0
Svenja Jung,49,1
Swann Arlaud,63,3
Sybil Azur,1376,0
Sybil Danning,0,5
Sydney Penny,1377,0
Sydney Sweeney,1378,1
Sylta Fee Wegmann,1379,0
Sylvester Groth,49,1
Sylvester Stallone,0,54
Sylvia Hoeks,1380,0
Sylvia Kristel,1381,1
Sônia Braga,63,1
Søren Malling,24,2
T.I.,28,9
T.J. Miller,6,41
Tabitha St. Germain,18,6
Tadanobu Asano,28,19
Tae Kimura,7,4
Taegen Burns,1382,0
Tahj Mowry,1383,0
Taika Waititi,28,36
Tak Sakaguchi,7,2
Takahiro Sakurai,35,74
Takanori Hoshino,35,9
Takashi Miike,1384,0
Takayuki Yamada,7,7
Takehiro Hira,7,1
Takeo Otsuka,35,2
Takumi Kitamura,7,5
Takuya Eguchi,35,16
Talia Ryder,165,1
Talia Shire,0,8
Taliah Webster,1385,0
Talulah Riley,1386,0
Tamala Jones,24,1
Tamara Taylor,1387,0
Tamlyn Tomita,1388,0
Tammy Lauren,1389,0
Tammy Townsend,1390,0
Tamsin Greig,61,1
Tamzin Malleson,1391,0
Tan Songyun,1392,0
Tanaya Beatty,41,2
Tang Yan,1393,0
Tania Raymonde,0,4
Tanit Phoenix,0,13
Tanner Buchanan,6,1
Tara Fitzgerald,6,7
Tara Reid,0,9
Tara Strong,18,106
Tara Summers,1394,0
Taraji P. Henson,8,20
Taron Egerton,61,16
Tasuku Hatanaka,35,12
Tasya Teles,1395,0
Tate Donovan,8,1
Tatiana Maslany,28,3
Tatsuya Nakadai,1396,0
Tawny Kitaen,1381,1
Taylor Cole,75,1
Taylor James,75,5
Taylor John Smith,1397,0
Taylor Kinney,6,1
Taylor Kitsch,41,1
Taylor Lautner,101,25
Taylor Russell,41,3
Taylor Zakhar Perez,6,2
Tchéky Karyo,1398,0
Ted Knight,1399,0
Ted Levine,1400,0
Ted McGinley,0,3
Teddy Sears,75,1
Telly Savalas,28,1
Temuera Morrison,24,7
Tenzing Norgay Trainor,8,1
Teo Yoo,1401,0
Teodora Duhovnikova,1402,0
Teoman Kumbaracıbaşı,1403,0
Terence Hill,1404,0
Terence Stamp,61,1
Teresa Palmer,41,10
Teri Polo,24,5
Terry Pratchett,1405,0
Terunosuke Takezai,1406,0
Tess Harper,8,6
Tessa Thompson,28,33
Tessyo Genda,35,22
Tetsu Inada,35,55
Tetsuya Kakihara,35,18
Texas Battle,1407,0
Thandiwe Newton,41,2
Thea Sofie Loch Næss,1408,0
Thekla Reuten,1409,0
Theo James,6,14
Theresa Randle,1410,0
Theresa Russell,1411,0
Thierry Lhermitte,63,4
Thomas F. Wilson,18,7
Thomas Gibson,1412,0
Thomas Haden Church,28,25
Thomas Jane,24,9
Thomas Kretschmann,28,15
Thomas Rosales Jr.,8,1
Thomasin McKenzie,28,2
Thora Birch,24,1
Thorsten Merten,49,3
Tiffani Thiessen,1413,0
Tika Sumpter,18,2
Til Schweiger,49,7
Tim Burton,6,8
Tim Curry,18,2
Tim Daly,18,1
Tim DeKay,1414,0
Tim Gunn,18,6
Tim Heidecker,8,7
Tim Matheson,75,4
Tim McGraw,8,2
Tim Pigott-Smith,61,2
Tim Robbins,28,7
Tim Roth,24,16
Tim Thomerson,0,1
Timothy Dalton,8,11
Timothy Hutton,1415,0
Timothy Olyphant,61,4
Timothy Omundson,0,5
Timothy Spall,61,34
Timothée Chalamet,28,13
Tina Desai,61,4
Tina Majorino,1416,0
Tinto Brass,24,1
Tisca Chopra,4,1
Titus Makin Jr.,1417,0
Titus Welliver,41,15
Tobey Maguire,28,22
Tobias Menzies,6,2
Tobin Bell,0,2
Toby Stephens,1418,0
Todd Bridges,6,1
Todd Lasance,1419,0
Tolgahan Sayışman,1420,0
Tom Arnold,0,12
Tom Berenger,0,7
Tom Burke,61,2
Tom Cavanagh,6,1
Tom Courtenay,63,3
Tom Cruise,24,32
Tom DeLonge,1421,0
Tom Ellis,1422,0
Tom Everett,1423,0
Tom Felton,61,24
Tom Hanks,24,76
Tom Hardy,6,34
Tom Hiddleston,28,72
Tom Holland,28,54
Tom Hollander,61,9
Tom Hopper,61,1
Tom Hughes,61,3
Tom Irwin,1424,0
Tom Kane,18,26
Tom Kenny,18,62
Tom Segura,8,1
Tom Shadyac,1425,0
Tom Skerritt,0,1
Tom Sturridge,1426,0
Tom Welling,1427,0
Tom Wilkinson,18,13
Tom Wisdom,61,1
Tom Wlaschiha,61,2
Tomas Arana,6,1
Tomer Capone,1428,0
Tommy Chong,24,14
Tommy Flanagan,0,4
Tommy Lister Jr.,0,12
Tomokazu Seki,35,79
Tomokazu Sugita,35,61
Tomomichi Nishimura,35,4
Tomori Kusunoki,35,1
Toni Collette,8,6
Tony Curtis,24,22
Tony Dalton,111,1
Tony Goldwyn,6,9
Tony Hale,8,24
Tony Ho,7,7
Tony Jaa,0,7
Tony Leung Chiu-wai,7,3
Tony Revolori,28,33
Tony Scott,1429,0
Tony Todd,0,26
Topher Grace,6,18
Tori Anderson,1430,0
Torrey DeVitto,1431,0
Toru Okawa,35,39
Toshio Tsuchiya,1432,0
Toshirō Mifune,1433,0
Toshiyuki Morikawa,35,71
Tracey Ullman,24,5
Tracey Walter,1434,0
Traci Bingham,1435,0
Traci Dinwiddie,1436,0
Tracy Middendorf,1437,0
Tracy Morgan,8,24
Tracy Nelson,0,3
Tracy Spiridakos,75,1
Travis Fimmel,61,2
Travis Willingham,18,14
Trey Parker,1438,0
Tricia Helfer,1439,0
Trini Alvarado,1440,0
Tristin Mays,1441,0
Tristán Ulloa,1442,0
Troy Evans,1443,0
Tsui Hark,7,2
Tuba Büyüküstün,1444,0
Tuva Novotny,24,2
Tyler Hoechlin,206,3
Tyler Hynes,75,3
Tyler Labine,8,4
Tyler Perry,8,6
Tyne Daly,18,2
Tyrese Gibson,5,20
Tyrone Power,1445,0
Tülay Günal,1446,0
Udo Kier,63,15
Ulrich Thomsen,24,2
Unax Ugalde,70,1
Unsho Ishizuka,35,43
Uri Gavriel,63,1
Ursula Andress,24,3
Utkarsh Ambudkar,8,14
Uwe Ochsenknecht,49,4
Val Kilmer,0,9
Valeria Golino,63,1
Valerie Bertinelli,6,2
Valerie Leon,1447,0
Valerie Mahaffey,1448,0
Valérie Lemercier,63,2
Vanessa Angel,0,1
Vanessa Ferlito,1449,0
Vanessa Hudgens,8,6
Vanessa Kirby,61,7
Vanessa Marano,850,1
Vanessa Ray,1450,0
Vanessa Redgrave,24,7
Vanessa Williams,18,2
Veanne Cox,1451,0
Vera Farmiga,24,11
Vernee Watson-Johnson,1452,0
Veronica Cartwright,1453,0
Vica Kerekes,1454,0
Vicellous Shannon,1455,0
Vicky Krieps,63,11
Victor Garber,24,9
Victor Webster,18,4
Victoria Justice,162,1
Victoria Pedretti,1456,0
Victoria Pratt,0,3
Victoria Rowell,1457,0
Victoria Trauttmansdorff,49,3
Viggo Mortensen,101,2
Vin Diesel,28,71
Vincent Cassel,63,15
Vincent D'Onofrio,24,11
Vincent Klyn,1458,0
Vincent Regan,6,6
Vinessa Shaw,18,3
Ving Rhames,0,26
Viola Davis,6,22
Violett Beane,1459,0
Virginia Gardner,400,1
Virginia Madsen,0,1
Virginie Efira,63,7
Virginie Ledoyen,1460,0
Viva Bianca,1461,0
Vivica A. Fox,0,23
Vondie Curtis-Hall,24,2
Wade Williams,18,18
Wagner Moura,61,1
Waise Lee Chi-Hung,7,4
Wallace Beery,1462,0
Wallace Langham,18,3
Wallace Shawn,8,15
Walter Koenig,18,14
Walter Matthau,1463,0
Walton Goggins,24,18
Wang Churan,1464,0
Wang Likun,0,1
Ward Bond,1465,0
Warren Beatty,24,6
Warwick Davis,61,36
Wataru Takagi,35,40
Wayne Brady,18,12
Wayne Knight,18,1
Wayne Newton,1466,0
Wendell Pierce,24,4
Wendie Malick,6,3
Wendy Hoopes,1467,0
Wendy Moniz,1468,0
Wendy Raquel Robinson,1469,0
Wentworth Miller,1470,0
Wenwen Han,1471,0
Werner Herzog,24,9
Wes Anderson,24,20
Wes Bentley,41,18
Wes Brown,18,3
Wes Craven,0,19
Wes Studi,8,4
Whoopi Goldberg,8,48
Wil Wheaton,18,11
Wilford Brimley,1472,0
Will Arnett,8,49
Will Ferrell,8,80
Will Forte,8,66
Will Friedle,18,14
Will Patton,28,2
Will Peltz,1473,0
Will Smith,8,26
Will Yun Lee,0,4
Willa Holland,1474,0
William Chan Wai-Ting,7,1
William Devane,6,7
William Friedkin,24,9
William H. Macy,1475,0
William Hickey,1476,0
William Hurt,28,39
William Mapother,8,1
William Sadler,6,8
William Shatner,18,19
William Smith,1477,0
William Zabka,1478,0
Willow Shields,41,19
Willow Smith,8,3
Wilmer Valderrama,18,7
Wim Wenders,24,8
Winona Ryder,18,10
Winston Duke,28,35
Wiz Khalifa,8,1
Woody Harrelson,41,49
Wyatt Russell,28,11
Xander Berkeley,24,7
Xavier de Guzman,1479,0
Xiao Zhan,1480,0
Xochitl Gomez,28,9
Xu Kai,1481,1
Yancy Butler,24,4
Yang Kyung-won,1482,0
Yang Yang,1483,0
Yang Zi,1484,0
Yani Gellman,1485,0
Yannick Bisson,101,3
Yara Shahidi,8,2
Yeardley Smith,18,6
Yeo Jin-goo,196,2
Yeom Hye-ran,196,9
Yoh Yoshida,7,2
Yoji Ueda,35,12
Yoko Asagami,35,2
Yoko Hikasa,35,53
Yoko Shimada,1486,0
Yoo Ah-in,196,3
Yoo Hai-jin,196,13
Yoo Ji-tae,1487,0
Yoo Seung-ho,1488,0
Yoo Seung-mok,196,5
Yoon Chan-young,1489,0
Yoon Park,1490,0
Yoona,196,3
Yorgos Lanthimos,1491,0
Yoshimasa Hosoya,35,56
Yu Kobayashi,35,39
Yu Rongguang,8,1
Yuen Qiu,7,3
Yuen Wah,7,7
Yui Aragaki,7,1
Yui Ishikawa,35,20
Yuka Kouri,1492,0
Yuki Amami,7,3
Yuki Yamada,35,21
Yuko Miyamura,35,10
Yuliya Snigir,1493,0
Yuma Uchida,35,14
Yumi Kakazu,35,11
Yumi Uchiyama,35,21
Yumiko Kobayashi,35,11
Yumiri Hanamori,35,10
Yun Yoo-sun,1494,0
Yurika Hino,1495,0
Yusra Warsama,1496,0
Yuuki Takada,1497,0
Yuuya Uchida,35,4
Yvan Attal,63,3
Yvonne Strahovski,61,1
Yvonne Zima,1498,0
Zac Efron,8,20
Zach Galifianakis,8,43
Zach Gilford,18,1
Zachary Levi,28,28
Zachary Quinto,18,17
Zack Pearlman,1499,0
Zack Snyder,24,9
Zahia Dehar,1500,0
Zahn McClarnon,0,2
Zane Holtz,206,1
Zara Michales,91,0
Zazie Beetz,6,19
Zebastin Borjeau,29,0
Zeeko Zaki,62,0
Zeljko Ivanek,41,5
Zendaya,28,28
Zhang Jingchu,7,2
Zhang Ruonan,128,0
Zhang Ziyi,7,5
Zhao Liying,7,1
Zhao Lusi,1481,1
Zhao Wei,7,1
Zhong Chuxi,65,0
Zhu Zhu,258,0
Zinedine Soualem,63,2
Zoe Boyle,36,0
Zoe Perry,46,0
Zoe Saldaña,28,71
Zoe Terakes,207,0
Zooey Deschanel,8,9
Zosia Mamet,1378,1
Zoë Kravitz,6,26
Zoë Wanamaker,61,2
Zulay Henao,8,3
Zuleikha Robinson,16,0
Zuria Vega,24,2
Çağatay Ulusoy,115,0
Özge Gürel,21,0
Özlem Conker,150,0
Úrsula Corberó,119,0
İbrahim Çelikkol,182,0
İrem Helvacıoğlu,153,0
